player_id,name,name_norm,ioc,first_seen_date,last_seen_date
98026997,Adrian Voinea,adrian voinea,ROU,2000-01-17,2003-06-23
20481490,Albert Costa,albert costa,ESP,2000-01-17,2005-08-29
2680524,Albert Portas,albert portas,ESP,2000-01-17,2006-06-26
67664601,Alberto Berasategui,alberto berasategui,ESP,2000-01-17,2000-06-26
83316041,Alberto Martin,alberto martin,ESP,2000-01-17,2009-08-31
48770669,Alex Corretja,alex corretja,ESP,2000-01-17,2004-08-30
48249752,Alex Lopez Moron,alex lopez moron,ESP,2000-01-17,2000-01-17
65194975,Alex Obrien,alex obrien,USA,2000-01-17,2001-01-15
17136950,Andre Agassi,andre agassi,USA,2000-01-17,2006-08-28
21544944,Andrea Gaudenzi,andrea gaudenzi,ITA,2000-01-17,2003-01-13
59483736,Andreas Vinciguerra,andreas vinciguerra,SWE,2000-01-17,2003-08-25
54487331,Andrei Medvedev,andrei medvedev,UKR,2000-01-17,2001-06-25
91651475,Andrew Ilie,andrew ilie,AUS,2000-01-17,2003-01-13
53195913,Antony Dupuis,antony dupuis,FRA,2000-01-17,2005-06-20
54968648,Arnaud Clement,arnaud clement,FRA,2000-01-17,2012-05-27
19102570,Arvind Parmar,arvind parmar,GBR,2000-01-17,2004-06-21
91862659,Axel Pretzsch,axel pretzsch,GER,2000-01-17,2002-01-14
86815960,Bernd Karbacher,bernd karbacher,GER,2000-01-17,2000-01-17
65144875,Byron Black,byron black,ZIM,2000-01-17,2002-01-14
97674767,Cecil Mamiit,cecil mamiit,PHI,2000-01-17,2004-01-19
27643104,Cedric Pioline,cedric pioline,FRA,2000-01-17,2002-06-24
15079852,Chris Woodruff,chris woodruff,USA,2000-01-17,2001-08-27
94662776,Christophe Rochus,christophe rochus,BEL,2000-01-17,2010-01-18
90506107,Cyril Saulnier,cyril saulnier,FRA,2000-01-17,2006-01-16
41108922,Daniel Vacek,daniel vacek,CZE,2000-01-17,2002-01-14
85272829,Davide Sanguinetti,davide sanguinetti,ITA,2000-01-17,2007-06-25
95360991,Dejan Petrovic,dejan petrovic,SRB,2000-01-17,2001-01-15
10010775,Dominik Hrbaty,dominik hrbaty,SVK,2000-01-17,2009-01-19
67564074,Fabrice Santoro,fabrice santoro,FRA,2000-01-17,2010-01-18
14514333,Felix Mantilla,felix mantilla,ESP,2000-01-17,2005-08-29
74718412,Fernando Meligeni,fernando meligeni,BRA,2000-01-17,2003-01-13
33491560,Fernando Vicente,fernando vicente,ESP,2000-01-17,2007-06-25
71979332,Francisco Clavet,francisco clavet,ESP,2000-01-17,2003-01-13
68344238,Franco Squillari,franco squillari,ARG,2000-01-17,2003-08-25
86115486,Fredrik Jonsson,fredrik jonsson,SWE,2000-01-17,2001-06-25
22003488,Galo Blanco,galo blanco,ESP,2000-01-17,2004-06-21
76485336,Gaston Gaudio,gaston gaudio,ARG,2000-01-17,2009-05-25
68445073,George Bastl,george bastl,SUI,2000-01-17,2006-08-28
87536495,Gianluca Pozzi,gianluca pozzi,ITA,2000-01-17,2001-08-27
29156826,Goran Ivanisevic,goran ivanisevic,CRO,2000-01-17,2004-06-21
16738647,Gouichi Motomura,gouichi motomura,JPN,2000-01-17,2003-01-13
65087101,Grant Stafford,grant stafford,RSA,2000-01-17,2000-01-17
24792278,Guillermo Canas,guillermo canas,ARG,2000-01-17,2009-06-22
33420453,Gustavo Kuerten,gustavo kuerten,BRA,2000-01-17,2008-05-25
72268409,Hernan Gumy,hernan gumy,ARG,2000-01-17,2000-08-28
2070089,Hicham Arazi,hicham arazi,MAR,2000-01-17,2004-08-30
60508851,Ivan Ljubicic,ivan ljubicic,CRO,2000-01-17,2012-01-16
96731345,Jacobo Diaz,jacobo diaz,ESP,2000-01-17,2003-01-13
48172339,James Sekulov,james sekulov,AUS,2000-01-17,2000-01-17
69549753,Jamie Delgado,jamie delgado,GBR,2000-01-17,2006-06-26
81647881,Jan Kroslak,jan kroslak,SVK,2000-01-17,2000-01-17
91502929,Jan Michael Gambill,jan michael gambill,USA,2000-01-17,2005-08-29
42327995,Jan Siemerink,jan siemerink,NED,2000-01-17,2001-08-27
78170813,Jason Stoltenberg,jason stoltenberg,AUS,2000-01-17,2001-06-25
42772009,Jeff Tarango,jeff tarango,USA,2000-01-17,2001-01-15
9659505,Jens Knippschild,jens knippschild,GER,2000-01-17,2002-05-27
48827713,Jerome Golmard,jerome golmard,FRA,2000-01-17,2004-08-30
65345637,Jim Courier,jim courier,USA,2000-01-17,2000-01-17
32860737,Jiri Novak,jiri novak,CZE,2000-01-17,2006-08-28
74469197,Jiri Vanek,jiri vanek,CZE,2000-01-17,2009-05-25
10514968,John Van Lottum,john van lottum,NED,2000-01-17,2004-06-21
78613276,Jonas Bjorkman,jonas bjorkman,SWE,2000-01-17,2008-06-23
29265412,Joseph Sirianni,joseph sirianni,AUS,2000-01-17,2008-01-14
16453018,Juan Antonio Marin,juan antonio marin,CRC,2000-01-17,2006-05-29
21077683,Juan Carlos Ferrero,juan carlos ferrero,ESP,2000-01-17,2012-06-25
62460378,Julian Alonso,julian alonso,ESP,2000-01-17,2000-01-17
44184634,Julien Boutter,julien boutter,FRA,2000-01-17,2004-06-21
49269647,Karim Alami,karim alami,MAR,2000-01-17,2001-08-27
15540789,Karol Kucera,karol kucera,SVK,2000-01-17,2005-08-29
31628674,Kevin Ullyett,kevin ullyett,ZIM,2000-01-17,2000-01-17
15801505,Laurence Tieleman,laurence tieleman,ITA,2000-01-17,2000-06-26
72775784,Leander Paes,leander paes,IND,2000-01-17,2001-06-25
53162960,Lleyton Hewitt,lleyton hewitt,AUS,2000-01-17,2016-01-18
75117239,Lorenzo Manta,lorenzo manta,SUI,2000-01-17,2000-01-17
92541299,Magnus Norman,magnus norman,SWE,2000-01-17,2003-08-25
32906707,Marat Safin,marat safin,RUS,2000-01-17,2009-08-31
61429607,Marc Rosset,marc rosset,SUI,2000-01-17,2003-06-23
75967012,Mariano Puerta,mariano puerta,ARG,2000-01-17,2005-08-29
51436541,Mariano Zabaleta,mariano zabaleta,ARG,2000-01-17,2008-01-14
89146262,Mark Philippoussis,mark philippoussis,AUS,2000-01-17,2006-08-28
41571125,Mark Woodforde,mark woodforde,AUS,2000-01-17,2000-06-26
10565806,Markus Hipfl,markus hipfl,AUT,2000-01-17,2002-06-24
16014662,Martin Damm Sr,martin damm sr,CZE,2000-01-17,2002-01-14
68527135,Martin Rodriguez,martin rodriguez,ARG,2000-01-17,2000-05-29
54365619,Max Mirnyi,max mirnyi,BLR,2000-01-17,2007-08-27
1316263,Michael Chang,michael chang,USA,2000-01-17,2003-08-25
17145471,Michael Hill,michael hill,AUS,2000-01-17,2000-01-17
62218960,Michael Llodra,michael llodra,FRA,2000-01-17,2014-08-25
25055606,Michal Tabara,michal tabara,CZE,2000-01-17,2005-06-20
25791149,Mikael Tillstrom,mikael tillstrom,SWE,2000-01-17,2000-08-28
76632297,Nicklas Kulti,nicklas kulti,SWE,2000-01-17,2000-01-17
54588163,Nicolas Escude,nicolas escude,FRA,2000-01-17,2004-05-24
31470746,Nicolas Kiefer,nicolas kiefer,GER,2000-01-17,2010-06-21
17733607,Nicolas Lapentti,nicolas lapentti,ECU,2000-01-17,2010-05-24
75810067,Noam Okun,noam okun,ISR,2000-01-17,2006-08-28
3644249,Orlin Stanoytchev,orlin stanoytchev,BUL,2000-01-17,2000-08-28
45351021,Paradorn Srichaphan,paradorn srichaphan,THA,2000-01-17,2007-01-15
65060703,Paul Goldstein,paul goldstein,USA,2000-01-17,2007-08-27
87721625,Pete Sampras,pete sampras,USA,2000-01-17,2002-08-26
49514387,Peter Wessels,peter wessels,NED,2000-01-17,2005-08-29
91406790,Raemon Sluiter,raemon sluiter,NED,2000-01-17,2006-08-28
77691828,Rainer Schuettler,rainer schuettler,GER,2000-01-17,2011-06-20
44151259,Richard Fromberg,richard fromberg,AUS,2000-01-17,2002-01-14
85574457,Richard Krajicek,richard krajicek,NED,2000-01-17,2003-01-13
8248366,Rodolphe Cadart,rodolphe cadart,FRA,2000-01-17,2000-01-17
12893523,Roger Federer,roger federer,SUI,2000-01-17,2021-06-28
28757759,Ronald Agenor,ronald agenor,USA,2000-01-17,2000-06-26
74030799,Sargis Sargsian,sargis sargsian,ARM,2000-01-17,2005-06-20
87118190,Scott Draper,scott draper,AUS,2000-01-17,2005-06-20
2184697,Sebastien Grosjean,sebastien grosjean,FRA,2000-01-17,2010-01-18
72671630,Sebastien Lareau,sebastien lareau,CAN,2000-01-17,2000-08-28
68910611,Sjeng Schalken,sjeng schalken,NED,2000-01-17,2005-01-17
57587140,Slava Dosedel,slava dosedel,CZE,2000-01-17,2001-08-27
69580218,Stefan Koubek,stefan koubek,AUT,2000-01-17,2010-06-21
54817297,Thomas Enqvist,thomas enqvist,SWE,2000-01-17,2005-06-20
61904868,Thomas Johansson,thomas johansson,SWE,2000-01-17,2008-08-25
85692276,Tim Henman,tim henman,GBR,2000-01-17,2007-08-27
70965625,Todd Martin,todd martin,USA,2000-01-17,2004-08-30
92216427,Todd Woodbridge,todd woodbridge,AUS,2000-01-17,2001-06-25
87693766,Tomas Behrend,tomas behrend,GER,2000-01-17,2006-01-16
86526576,Tomas Zib,tomas zib,CZE,2000-01-17,2008-08-25
91918332,Tommy Haas,tommy haas,GER,2000-01-17,2017-03-07
12876585,Vincent Spadea,vincent spadea,USA,2000-01-17,2009-06-22
30306197,Wayne Arthurs,wayne arthurs,AUS,2000-01-17,2007-06-25
33733538,Wayne Black,wayne black,ZIM,2000-01-17,2001-06-25
66853937,Wayne Ferreira,wayne ferreira,RSA,2000-01-17,2004-08-30
27321291,Yevgeny Kafelnikov,yevgeny kafelnikov,RUS,2000-01-17,2003-08-25
24738045,Younes El Aynaoui,younes el aynaoui,MAR,2000-01-17,2005-08-29
70061348,Agustin Calleri,agustin calleri,ARG,2000-05-29,2009-06-22
4136847,Alexander Popp,alexander popp,GER,2000-05-29,2005-08-29
36478114,Andre Sa,andre sa,BRA,2000-05-29,2004-06-21
7153049,Andrei Pavel,andrei pavel,ROU,2000-05-29,2009-08-31
71135006,Arnaud Di Pasquale,arnaud di pasquale,FRA,2000-05-29,2004-08-30
89301598,Attila Savolt,attila savolt,HUN,2000-05-29,2003-05-26
77206214,Bjorn Phau,bjorn phau,GER,2000-05-29,2013-01-14
62014384,Bohdan Ulihrach,bohdan ulihrach,CZE,2000-05-29,2007-06-25
31847188,Carlos Moya,carlos moya,ESP,2000-05-29,2010-01-18
61952146,Christian Ruud,christian ruud,NOR,2000-05-29,2001-05-28
68824457,Christian Vinck,christian vinck,GER,2000-05-29,2001-01-15
45849660,David Prinosil,david prinosil,GER,2000-05-29,2003-01-13
67739863,Eric Prodon,eric prodon,FRA,2000-05-29,2012-05-27
7162033,Federico Browne,federico browne,ARG,2000-05-29,2003-05-26
72658617,Greg Rusedski,greg rusedski,GBR,2000-05-29,2006-08-28
2578353,Guillaume Raoux,guillaume raoux,FRA,2000-05-29,2000-05-29
95793679,Guillermo Coria,guillermo coria,ARG,2000-05-29,2008-05-25
71659382,Harel Levy,harel levy,ISR,2000-05-29,2008-01-14
45134961,Jean Rene Lisnard,jean rene lisnard,MON,2000-05-29,2011-08-29
45635849,Juan Balcells,juan balcells,ESP,2000-05-29,2003-01-13
60755367,Juan Ignacio Chela,juan ignacio chela,ARG,2000-05-29,2012-06-25
59082804,Justin Gimelstob,justin gimelstob,USA,2000-05-29,2007-08-27
77748447,Magnus Gustafsson,magnus gustafsson,SWE,2000-05-29,2001-08-27
79132153,Marcelo Charpentier,marcelo charpentier,ARG,2000-05-29,2000-05-29
37813592,Marcelo Rios,marcelo rios,CHI,2000-05-29,2003-05-26
13798458,Markus Hantschk,markus hantschk,GER,2000-05-29,2001-01-15
27985563,Michel Kratochvil,michel kratochvil,SUI,2000-05-29,2003-06-23
69949852,Nicolas Mahut,nicolas mahut,FRA,2000-05-29,2019-05-27
38098714,Nicolas Massu,nicolas massu,CHI,2000-05-29,2010-06-21
99969378,Oscar Serrano,oscar serrano,ESP,2000-05-29,2000-05-29
4555656,Patrick Rafter,patrick rafter,AUS,2000-05-29,2001-08-27
25283888,Sergi Bruguera,sergi bruguera,ESP,2000-05-29,2001-08-27
69060012,Stephane Huet,stephane huet,FRA,2000-05-29,2001-06-25
91261685,Thierry Guardiola,thierry guardiola,FRA,2000-05-29,2000-08-28
32807029,Werner Eschauer,werner eschauer,AUT,2000-05-29,2008-01-14
16147113,Barry Cowan,barry cowan,GBR,2000-06-26,2002-06-24
8778891,Daniel Nestor,daniel nestor,CAN,2000-06-26,2001-06-25
42659886,Igor Gaudi,igor gaudi,ITA,2000-06-26,2000-06-26
62094560,Jurgen Melzer,jurgen melzer,AUT,2000-06-26,2017-01-16
60422944,Justin Bower,justin bower,RSA,2000-06-26,2002-06-24
67914333,Mahesh Bhupathi,mahesh bhupathi,IND,2000-06-26,2000-06-26
23469602,Martin Lee,martin lee,GBR,2000-06-26,2006-06-26
51632498,Michael Kohlmann,michael kohlmann,GER,2000-06-26,2002-06-24
85454461,Michael Russell,michael russell,USA,2000-06-26,2015-01-19
64390683,Miles Maclagan,miles maclagan,GBR,2000-06-26,2000-06-26
13367474,Neville Godwin,neville godwin,RSA,2000-06-26,2002-06-24
98572058,Olivier Rochus,olivier rochus,BEL,2000-06-26,2013-06-24
1130969,Paul Kilderry,paul kilderry,AUS,2000-06-26,2000-06-26
39495536,Taylor Dent,taylor dent,USA,2000-06-26,2010-08-30
32269019,Vladimir Voltchkov,vladimir voltchkov,BLR,2000-06-26,2004-05-24
53674481,Alex Kim,alex kim,USA,2000-08-28,2003-08-25
52300464,Andy Roddick,andy roddick,USA,2000-08-28,2012-08-27
14700592,Bob Bryan,bob bryan,USA,2000-08-28,2001-08-27
29389197,Cedric Kauffmann,cedric kauffmann,FRA,2000-08-28,2001-05-28
21098379,David Sanchez,david sanchez,ESP,2000-08-28,2005-05-23
16030999,Fernando Gonzalez,fernando gonzalez,CHI,2000-08-28,2011-08-29
41486460,Hyung Taik Lee,hyung taik lee,KOR,2000-08-28,2008-08-25
49462613,Kevin Kim,kevin kim,USA,2000-08-28,2009-08-31
44391457,Lars Burgsmuller,lars burgsmuller,GER,2000-08-28,2006-01-16
57627587,Mardy Fish,mardy fish,USA,2000-08-28,2015-08-31
43566022,Petr Kralert,petr kralert,CZE,2000-08-28,2000-08-28
45664251,Phillip King,phillip king,USA,2000-08-28,2000-08-28
82295767,Xavier Malisse,xavier malisse,BEL,2000-08-28,2013-08-26
82019619,Alex Calatrava,alex calatrava,ESP,2001-01-15,2005-06-20
71394428,Alun Jones,alun jones,AUS,2001-01-15,2008-01-14
45117176,Andrei Stoliarov,andrei stoliarov,RUS,2001-01-15,2002-06-24
38583818,Daniel Elsner,daniel elsner,GER,2001-01-15,2004-08-30
88049074,German Puentes,german puentes,ESP,2001-01-15,2001-08-27
22463531,Ivo Heuberger,ivo heuberger,SUI,2001-01-15,2004-08-30
35276782,Ladislav Svarc,ladislav svarc,SVK,2001-01-15,2001-01-15
97518301,Marcos Ondruska,marcos ondruska,RSA,2001-01-15,2001-05-28
70153160,Matthew Breen,matthew breen,AUS,2001-01-15,2001-01-15
24039873,Mikhail Youzhny,mikhail youzhny,RUS,2001-01-15,2018-08-27
4801160,Nenad Zimonjic,nenad zimonjic,SRB,2001-01-15,2001-01-15
92304110,Nikolay Davydenko,nikolay davydenko,RUS,2001-01-15,2014-05-26
32552882,Ota Fukarek,ota fukarek,CZE,2001-01-15,2002-01-14
29641196,Takao Suzuki,takao suzuki,JPN,2001-01-15,2005-01-17
89032600,Todd Perry,todd perry,AUS,2001-01-15,2001-01-15
84872738,Tommy Robredo,tommy robredo,ESP,2001-01-15,2018-08-27
34605580,Yuri Schukin,yuri schukin,KAZ,2001-01-15,2010-05-24
70306668,Albert Montanes,albert montanes,ESP,2001-05-28,2016-06-27
44529020,Federico Luzzi,federico luzzi,ITA,2001-05-28,2006-01-16
5067751,Feliciano Lopez,feliciano lopez,ESP,2001-05-28,2022-06-27
44344062,Jan Frode Andersen,jan frode andersen,NOR,2001-05-28,2001-05-28
72359225,Jose Acasuso,jose acasuso,ARG,2001-05-28,2010-01-18
80554478,Kristian Pless,kristian pless,DEN,2001-05-28,2007-08-27
72359365,Magnus Larsson,magnus larsson,SWE,2001-05-28,2003-01-13
26781170,Marc Kevin Goellner,marc kevin goellner,GER,2001-05-28,2001-05-28
35585058,Nicolas Coutelot,nicolas coutelot,FRA,2001-05-28,2003-05-26
95230114,Nicolas Thomann,nicolas thomann,FRA,2001-05-28,2002-06-24
50442127,Paul Henri Mathieu,paul henri mathieu,FRA,2001-05-28,2017-05-29
8751765,Stefano Galvani,stefano galvani,ITA,2001-05-28,2010-05-24
81264196,Artem Derepasko,artem derepasko,RUS,2001-06-25,2001-06-25
16336912,Edwin Kempes,edwin kempes,NED,2001-06-25,2002-08-26
95270130,Jan Vacek,jan vacek,CZE,2001-06-25,2004-06-21
24515264,Julian Knowle,julian knowle,AUT,2001-06-25,2004-06-21
78843743,Kenneth Carlsen,kenneth carlsen,DEN,2001-06-25,2006-05-29
70387149,Lee Childs,lee childs,GBR,2001-06-25,2007-06-25
80391709,Luke Milligan,luke milligan,GBR,2001-06-25,2001-06-25
76275784,Mark Hilton,mark hilton,GBR,2001-06-25,2004-06-21
62318152,Yong Il Yoon,yong il yoon,KOR,2001-06-25,2001-06-25
45373765,Alex Bogomolov Jr,alex bogomolov jr,RUS,2001-08-27,2014-01-13
44318176,Alexandre Simoni,alexandre simoni,BRA,2001-08-27,2002-06-24
51106355,Cristiano Caratti,cristiano caratti,ITA,2001-08-27,2002-06-24
79337905,David Nalbandian,david nalbandian,ARG,2001-08-27,2012-06-25
64284845,Eric Taino,eric taino,PHI,2001-08-27,2002-08-26
92320127,Hugo Armando,hugo armando,USA,2001-08-27,2005-05-23
99471753,Jack Brasington,jack brasington,USA,2001-08-27,2003-01-13
65398497,James Blake,james blake,USA,2001-08-27,2013-08-26
49230813,Levar Harper Griffith,levar harper griffith,USA,2001-08-27,2001-08-27
2992262,Mike Bryan,mike bryan,USA,2001-08-27,2001-08-27
31246399,Ramon Delgado,ramon delgado,PAR,2001-08-27,2010-06-21
72470079,Robby Ginepri,robby ginepri,USA,2001-08-27,2014-05-26
99318541,Sebastien De Chaunac,sebastien de chaunac,FRA,2001-08-27,2009-01-19
78952883,Flavio Saretta,flavio saretta,BRA,2002-01-14,2006-08-28
48530928,Irakli Labadze,irakli labadze,GEO,2002-01-14,2006-06-26
8142823,Jarkko Nieminen,jarkko nieminen,FIN,2002-01-14,2015-08-31
97090208,Jaymon Crabb,jaymon crabb,AUS,2002-01-14,2003-01-13
59069525,Jean Francois Bachelot,jean francois bachelot,FRA,2002-01-14,2002-06-24
69779984,Olivier Patience,olivier patience,FRA,2002-01-14,2010-05-24
52954760,Todd Larkham,todd larkham,AUS,2002-01-14,2004-01-19
50509258,Todd Reid,todd reid,AUS,2002-01-14,2005-01-17
4310007,Amir Hadad,amir hadad,ISR,2002-05-27,2002-05-27
43978924,Didac Perez,didac perez,ESP,2002-05-27,2002-05-27
44366540,Edgardo Massa,edgardo massa,ARG,2002-05-27,2006-05-29
5819648,Giorgio Galimberti,giorgio galimberti,ITA,2002-05-27,2005-08-29
31599521,Ivan Miranda,ivan miranda,PER,2002-05-27,2004-01-19
29290503,Julien Benneteau,julien benneteau,FRA,2002-05-27,2018-08-27
18073117,Julien Varlet,julien varlet,FRA,2002-05-27,2003-05-26
24986269,Martin Vassallo Arguello,martin vassallo arguello,ARG,2002-05-27,2010-01-18
65795515,Oleg Ogorodov,oleg ogorodov,UZB,2002-05-27,2002-05-27
67123304,Oliver Marach,oliver marach,AUT,2002-05-27,2006-08-28
93807101,Richard Gasquet,richard gasquet,FRA,2002-05-27,2024-05-27
21014650,Alan Mackin,alan mackin,GBR,2002-06-24,2007-01-15
557624,Alex Bogdanovic,alex bogdanovic,GBR,2002-06-24,2009-06-22
90600751,Alexander Waske,alexander waske,GER,2002-06-24,2007-08-27
92490793,Brian Vahaly,brian vahaly,USA,2002-06-24,2004-01-19
9204401,Denis Golovanov,denis golovanov,RUS,2002-06-24,2002-06-24
14767490,Gregory Carraz,gregory carraz,FRA,2002-06-24,2005-01-17
2686996,Jeff Morrison,jeff morrison,USA,2002-06-24,2006-08-28
63466344,Juan Pablo Guzman,juan pablo guzman,ARG,2002-06-24,2007-08-27
19715011,Karol Beck,karol beck,SVK,2002-06-24,2012-08-27
63396862,Konstantinos Economidis,konstantinos economidis,GRE,2002-06-24,2008-01-14
42227655,Mario Ancic,mario ancic,CRO,2002-06-24,2009-01-19
75729135,Radek Stepanek,radek stepanek,CZE,2002-06-24,2017-01-16
42442584,Bjorn Rehnquist,bjorn rehnquist,SWE,2002-08-26,2009-01-19
12614155,Dick Norman,dick norman,BEL,2002-08-26,2006-06-26
68415983,Gaston Etlis,gaston etlis,ARG,2002-08-26,2002-08-26
12657736,Igor Kunitsyn,igor kunitsyn,RUS,2002-08-26,2012-06-25
15227183,Luis Horna,luis horna,PER,2002-08-26,2008-08-25
3908504,Martin Verkerk,martin verkerk,NED,2002-08-26,2007-05-28
39723020,Matias Boeker,matias boeker,USA,2002-08-26,2002-08-26
93313355,Prakash Amritraj,prakash amritraj,IND,2002-08-26,2002-08-26
27699041,Radoslav Lukaev,radoslav lukaev,BUL,2002-08-26,2002-08-26
30905695,Robin Soderling,robin soderling,SWE,2002-08-26,2011-06-20
39799691,Slimane Saoudi,slimane saoudi,ALG,2002-08-26,2002-08-26
11464699,Tuomas Ketola,tuomas ketola,FIN,2002-08-26,2005-06-20
12833669,David Ferrer,david ferrer,ESP,2003-01-13,2018-08-27
74742137,Joachim Johansson,joachim johansson,SWE,2003-01-13,2007-01-15
88783669,Marcos Daniel,marcos daniel,BRA,2003-01-13,2011-01-17
66885614,Peter Luczak,peter luczak,AUS,2003-01-13,2011-01-17
59846478,Renzo Furlan,renzo furlan,ITA,2003-01-13,2003-01-13
78181520,Ryan Henry,ryan henry,AUS,2003-01-13,2003-01-13
57277751,Vadim Kutsenko,vadim kutsenko,RUS,2003-01-13,2004-01-19
94160839,Zeljko Krajan,zeljko krajan,CRO,2003-01-13,2003-06-23
34097455,Filippo Volandri,filippo volandri,ITA,2003-05-26,2014-06-23
30451190,Giovanni Lapentti,giovanni lapentti,ECU,2003-05-26,2009-08-31
49503595,Hermes Gamonal,hermes gamonal,CHI,2003-05-26,2003-05-26
91795343,Marc Lopez,marc lopez,ESP,2003-05-26,2008-05-25
31008583,Mariano Delfino,mariano delfino,ARG,2003-05-26,2003-05-26
30016088,Olivier Mutis,olivier mutis,FRA,2003-05-26,2005-01-17
88369651,Sergio Roitman,sergio roitman,ARG,2003-05-26,2009-06-22
41139116,Thierry Ascione,thierry ascione,FRA,2003-05-26,2008-06-23
77887524,Victor Hanescu,victor hanescu,ROU,2003-05-26,2014-06-23
16587381,Fernando Verdasco,fernando verdasco,ESP,2003-06-23,2022-08-29
13492888,Frederic Niemeyer,frederic niemeyer,CAN,2003-06-23,2003-06-23
95338461,Gilles Elseneer,gilles elseneer,BEL,2003-06-23,2005-08-29
27478666,Ivo Karlovic,ivo karlovic,CRO,2003-06-23,2021-08-30
65084160,Michal Mertinak,michal mertinak,SVK,2003-06-23,2003-06-23
8919895,Paul Baccanello,paul baccanello,AUS,2003-06-23,2005-01-17
53416828,Petr Luxa,petr luxa,CZE,2003-06-23,2003-06-23
59470770,Rafael Nadal,rafael nadal,ESP,2003-06-23,2024-05-27
56751750,Richard Bloomfield,richard bloomfield,GBR,2003-06-23,2007-06-25
11511108,Robert Kendrick,robert kendrick,USA,2003-06-23,2011-05-22
79005215,Wesley Moodie,wesley moodie,RSA,2003-06-23,2006-08-28
76628409,Amer Delic,amer delic,BIH,2003-08-25,2009-01-19
51061085,Brian Baker,brian baker,USA,2003-08-25,2016-08-29
21842284,Dmitry Tursunov,dmitry tursunov,RUS,2003-08-25,2017-08-28
76008160,Janko Tipsarevic,janko tipsarevic,SRB,2003-08-25,2019-08-26
93389799,Jeff Salzenstein,jeff salzenstein,USA,2003-08-25,2004-06-21
87897439,Kristof Vliegen,kristof vliegen,BEL,2003-08-25,2010-08-30
5955255,Maximilian Abel,maximilian abel,GER,2003-08-25,2003-08-25
33174907,Philipp Kohlschreiber,philipp kohlschreiber,GER,2003-08-25,2022-01-17
51355533,Robert Yim,robert yim,USA,2003-08-25,2003-08-25
20046122,Roko Karanusic,roko karanusic,CRO,2003-08-25,2009-06-22
38652349,Ruben Ramirez Hidalgo,ruben ramirez hidalgo,ESP,2003-08-25,2013-01-14
90048770,Tomas Berdych,tomas berdych,CZE,2003-08-25,2019-08-26
82196201,Chris Guccione,chris guccione,AUS,2004-01-19,2009-08-31
9770673,Dennis Van Scheppingen,dennis van scheppingen,NED,2004-01-19,2004-08-30
83686312,Florian Mayer,florian mayer,GER,2004-01-19,2018-08-27
43848423,Gilles Muller,gilles muller,LUX,2004-01-19,2018-08-27
85365525,Glenn Weiner,glenn weiner,USA,2004-01-19,2005-08-29
54095450,Igor Andreev,igor andreev,RUS,2004-01-19,2013-06-24
31177590,Oscar Hernandez,oscar hernandez,ESP,2004-01-19,2010-06-21
27599533,Ricardo Mello,ricardo mello,BRA,2004-01-19,2012-08-27
39293454,Alejandro Falla,alejandro falla,COL,2004-05-24,2015-06-29
40084296,Alexander Peya,alexander peya,AUT,2004-05-24,2009-06-22
19828554,Florent Serra,florent serra,FRA,2004-05-24,2013-08-26
47903199,Guillermo Garcia Lopez,guillermo garcia lopez,ESP,2004-05-24,2019-08-26
73336578,Jerome Haehnel,jerome haehnel,FRA,2004-05-24,2007-05-28
84030569,Juan Monaco,juan monaco,ARG,2004-05-24,2016-08-29
22306349,Julien Jeanpierre,julien jeanpierre,FRA,2004-05-24,2004-05-24
9471621,Marc Gicquel,marc gicquel,FRA,2004-05-24,2013-06-24
3222682,Nicolas Almagro,nicolas almagro,ESP,2004-05-24,2017-08-28
49484991,Potito Starace,potito starace,ITA,2004-05-24,2014-05-26
92495065,Stephane Robert,stephane robert,FRA,2004-05-24,2018-02-07
56621152,Andy Ram,andy ram,ISR,2004-06-21,2004-06-21
89915529,Daniele Bracciali,daniele bracciali,ITA,2004-06-21,2007-05-28
45527413,Ivan Navarro,ivan navarro,ESP,2004-06-21,2009-08-31
33087837,Jan Hernych,jan hernych,CZE,2004-06-21,2015-01-19
43039098,Jimmy Wang,jimmy wang,TPE,2004-06-21,2015-01-19
60356443,Jonathan Marray,jonathan marray,GBR,2004-06-21,2007-06-25
1022691,Stefano Pescosolido,stefano pescosolido,ITA,2004-06-21,2004-06-21
94856485,Yen Hsun Lu,yen hsun lu,TPE,2004-06-21,2021-08-02
37696299,Andreas Seppi,andreas seppi,ITA,2004-08-30,2022-01-17
83572152,Bobby Reynolds,bobby reynolds,USA,2004-08-30,2013-06-24
18657305,Danai Udomchoke,danai udomchoke,THA,2004-08-30,2012-01-16
15099606,Kj Hippensteel,kj hippensteel,USA,2004-08-30,2004-08-30
17680875,Marcos Baghdatis,marcos baghdatis,CYP,2004-08-30,2019-01-07
85988802,Rajeev Ram,rajeev ram,USA,2004-08-30,2016-08-29
27508284,Scoville Jenkins,scoville jenkins,USA,2004-08-30,2008-08-25
41358797,Wayne Odesnik,wayne odesnik,USA,2004-08-30,2014-08-25
7243957,Dieter Kindlmann,dieter kindlmann,GER,2005-01-17,2010-05-24
44954827,Gael Monfils,gael monfils,FRA,2005-01-17,2024-08-26
90772965,Marc Kimmich,marc kimmich,AUS,2005-01-17,2006-01-16
54000837,Melle Van Gemerden,melle van gemerden,NED,2005-01-17,2006-06-26
11447403,Nathan Healey,nathan healey,AUS,2005-01-17,2006-05-29
42342055,Novak Djokovic,novak djokovic,SRB,2005-01-17,2024-08-26
76528549,Santiago Ventura,santiago ventura,ESP,2005-01-17,2010-06-21
98374500,Daniel Gimeno Traver,daniel gimeno traver,ESP,2005-05-23,2016-01-18
51446045,Dudi Sela,dudi sela,ISR,2005-05-23,2018-05-28
9703797,Gilles Simon,gilles simon,FRA,2005-05-23,2022-05-23
59742436,Jo-Wilfried Tsonga,jo-wilfried tsonga,FRA,2005-05-23,2022-05-23
96523544,Juan Pablo Brzezicki,juan pablo brzezicki,ARG,2005-05-23,2009-08-31
49153720,Lukas Dlouhy,lukas dlouhy,CZE,2005-05-23,2008-01-14
36926843,Robin Vik,robin vik,CZE,2005-05-23,2006-08-28
81629075,Sasa Tuksar,sasa tuksar,CRO,2005-05-23,2006-05-29
24368625,Stan Wawrinka,stan wawrinka,SUI,2005-05-23,2024-08-26
49682527,Tomas Tenconi,tomas tenconi,ITA,2005-05-23,2005-05-23
90001577,Adrian Garcia,adrian garcia,CHI,2005-06-20,2005-06-20
45768941,Alessio Di Mauro,alessio di mauro,ITA,2005-06-20,2007-05-28
52577225,Andy Murray,andy murray,GBR,2005-06-20,2024-05-27
56280824,David Sherwood,david sherwood,GBR,2005-06-20,2005-06-20
69162879,Ivo Minar,ivo minar,CZE,2005-06-20,2009-06-22
91515393,Josh Goodall,josh goodall,GBR,2005-06-20,2012-06-25
18663328,Tobias Summerer,tobias summerer,GER,2005-06-20,2005-08-29
24810416,Donald Young,donald young,USA,2005-08-29,2018-08-27
62747645,Michael Lammer,michael lammer,SUI,2005-08-29,2006-01-16
82299182,Paul Capdeville,paul capdeville,CHI,2005-08-29,2009-08-31
25245774,Razvan Sabau,razvan sabau,ROU,2005-08-29,2006-06-26
41433779,Boris Pashanski,boris pashanski,SRB,2006-01-16,2008-06-23
72386636,Carlos Berlocq,carlos berlocq,ARG,2006-01-16,2018-08-27
79591431,Denis Gremelmayr,denis gremelmayr,GER,2006-01-16,2011-06-20
12150093,Denis Istomin,denis istomin,UZB,2006-01-16,2021-05-31
17301710,Jacob Adaktusson,jacob adaktusson,SWE,2006-01-16,2006-01-16
11443923,Jean Christophe Faurel,jean christophe faurel,FRA,2006-01-16,2006-06-26
50110398,Pavel Snobel,pavel snobel,CZE,2006-01-16,2008-06-23
23616875,Zack Fleishman,zack fleishman,USA,2006-01-16,2007-06-25
48204638,Diego Hartfield,diego hartfield,ARG,2006-05-29,2008-01-14
59609241,Evgeny Korolev,evgeny korolev,KAZ,2006-05-29,2010-08-30
84199880,Ilija Bozoljac,ilija bozoljac,SRB,2006-05-29,2010-06-21
77802027,Jeremy Chardy,jeremy chardy,FRA,2006-05-29,2023-03-07
82453538,Juan Martin del Potro,juan martin del potro,ARG,2006-05-29,2019-05-27
26422412,Julio Silva,julio silva,BRA,2006-05-29,2010-08-30
16508378,Mathieu Montcourt,mathieu montcourt,FRA,2006-05-29,2009-05-25
51768529,Benedikt Dorsch,benedikt dorsch,GER,2006-06-26,2006-06-26
72898107,Benjamin Becker,benjamin becker,GER,2006-06-26,2016-08-29
10927973,Frank Dancevic,frank dancevic,CAN,2006-06-26,2014-08-25
95506128,Jamie Baker,jamie baker,GBR,2006-06-26,2013-01-14
85835955,Marcel Granollers,marcel granollers,ESP,2006-06-26,2019-08-26
83905211,Michael Berrer,michael berrer,GER,2006-06-26,2015-08-31
89911784,Simon Greul,simon greul,GER,2006-06-26,2011-01-17
25993036,Simon Stadler,simon stadler,GER,2006-06-26,2011-01-17
52956968,Alex Kuznetsov,alex kuznetsov,USA,2006-08-28,2014-06-23
82762946,Jan Hajek,jan hajek,CZE,2006-08-28,2014-01-13
45355814,Jesse Witten,jesse witten,USA,2006-08-28,2010-06-21
39549412,Lukasz Kubot,lukasz kubot,POL,2006-08-28,2014-06-23
21132808,Marco Chiudinelli,marco chiudinelli,SUI,2006-08-28,2016-08-29
24995008,Phillip Simmonds,phillip simmonds,USA,2006-08-28,2006-08-28
96635381,Ryan Sweeting,ryan sweeting,USA,2006-08-28,2012-06-25
40370271,Sam Querrey,sam querrey,USA,2006-08-28,2022-08-29
83919149,Teymuraz Gabashvili,teymuraz gabashvili,RUS,2006-08-28,2017-05-29
17379021,Thiago Alves,thiago alves,BRA,2006-08-28,2010-05-24
48935662,Brian Wilson,brian wilson,USA,2007-01-15,2007-01-15
46197232,Go Soeda,go soeda,JPN,2007-01-15,2020-08-31
49958108,Lukas Lacko,lukas lacko,SVK,2007-01-15,2018-08-27
31316536,Marin Cilic,marin cilic,CRO,2007-01-15,2024-01-15
84072024,Mischa Zverev,mischa zverev,GER,2007-01-15,2019-05-27
27734712,Nicolas Devilder,nicolas devilder,FRA,2007-01-15,2012-05-27
86668371,Robert Smeets,robert smeets,AUS,2007-01-15,2008-08-25
36528388,Alexandre Sidorenko,alexandre sidorenko,FRA,2007-05-28,2009-05-25
67718971,Dusan Vemic,dusan vemic,SRB,2007-05-28,2007-05-28
78782079,Edouard Roger Vasselin,edouard roger vasselin,FRA,2007-05-28,2010-05-24
89815685,Ernests Gulbis,ernests gulbis,LAT,2007-05-28,2020-01-20
77378609,Fabio Fognini,fabio fognini,ITA,2007-05-28,2024-08-26
39970348,Flavio Cipolla,flavio cipolla,ITA,2007-05-28,2013-01-14
74355811,Jonathan Eysseric,jonathan eysseric,FRA,2007-05-28,2008-05-25
79207624,Laurent Recouderc,laurent recouderc,FRA,2007-05-28,2010-05-24
78748321,Santiago Giraldo,santiago giraldo,COL,2007-05-28,2019-08-26
11146062,Simone Bolelli,simone bolelli,ITA,2007-05-28,2019-05-27
24784402,Aisam Ul Haq Qureshi,aisam ul haq qureshi,PAK,2007-06-25,2008-08-25
32125848,Rik De Voest,rik de voest,RSA,2007-06-25,2012-01-16
30985472,Sam Warburg,sam warburg,USA,2007-06-25,2008-08-25
5357056,Thiemo De Bakker,thiemo de bakker,NED,2007-06-25,2016-05-23
47457982,Bruno Echagaray,bruno echagaray,MEX,2007-08-27,2007-08-27
6250407,Dominik Meffert,dominik meffert,GER,2007-08-27,2007-08-27
63256272,Jesse Levine,jesse levine,CAN,2007-08-27,2013-06-24
29209023,John Isner,john isner,USA,2007-08-27,2023-08-28
99604167,Michael Mcclune,michael mcclune,USA,2007-08-27,2007-08-27
12491894,Michal Przysiezny,michal przysiezny,POL,2007-08-27,2014-06-23
17193178,Pablo Cuevas,pablo cuevas,URU,2007-08-27,2022-05-23
80343156,Philipp Petzschner,philipp petzschner,GER,2007-08-27,2013-08-26
86117379,Robin Haase,robin haase,NED,2007-08-27,2021-08-02
10161966,Steve Darcis,steve darcis,BEL,2007-08-27,2019-08-26
97737008,Brydan Klein,brydan klein,AUS,2008-01-14,2017-03-07
53951330,Edouard Roger-Vasselin,edouard roger-vasselin,FRA,2008-01-14,2016-06-27
98995085,Kevin Anderson,kevin anderson,RSA,2008-01-14,2022-01-17
54777472,Martin Slanar,martin slanar,AUT,2008-01-14,2008-01-14
70980028,Nick Lindahl,nick lindahl,AUS,2008-01-14,2010-01-18
72667020,Viktor Troicki,viktor troicki,SRB,2008-01-14,2021-08-02
17906708,Adrian Mannarino,adrian mannarino,FRA,2008-05-25,2024-08-26
96078619,Daniel Brands,daniel brands,GER,2008-05-25,2017-03-07
2588445,David Marrero,david marrero,ESP,2008-05-25,2008-05-25
7118752,Diego Junqueira,diego junqueira,ARG,2008-05-25,2011-08-29
6307122,Eduardo Schwank,eduardo schwank,ARG,2008-05-25,2012-05-27
76715513,Frederico Gil,frederico gil,POR,2008-05-25,2012-01-16
58770334,Jesse Huta Galung,jesse huta galung,NED,2008-05-25,2014-01-13
63389461,Josselin Ouanna,josselin ouanna,FRA,2008-05-25,2013-01-14
721645,Maximo Gonzalez,maximo gonzalez,ARG,2008-05-25,2015-05-24
74986505,Miguel Angel Lopez Jaen,miguel angel lopez jaen,ESP,2008-05-25,2008-05-25
40325697,Pablo Andujar,pablo andujar,ESP,2008-05-25,2022-06-27
4462879,Sebastian Decoud,sebastian decoud,ARG,2008-05-25,2008-05-25
18495599,Thomaz Bellucci,thomaz bellucci,BRA,2008-05-25,2018-05-28
20625473,Victor Crivoi,victor crivoi,ROU,2008-05-25,2009-08-31
20774948,Andreas Beck,andreas beck,GER,2008-06-23,2014-08-25
42174115,Brian Dabul,brian dabul,ARG,2008-06-23,2011-05-22
53759313,Chris Eaton,chris eaton,GBR,2008-06-23,2008-06-23
94516134,Dawid Olejniczak,dawid olejniczak,POL,2008-06-23,2008-06-23
86287752,Izak Van Der Merwe,izak van der merwe,RSA,2008-06-23,2008-06-23
31712579,Kei Nishikori,kei nishikori,JPN,2008-06-23,2024-05-27
95213187,Sergiy Stakhovsky,sergiy stakhovsky,UKR,2008-06-23,2021-08-02
3441613,Tobias Kamke,tobias kamke,GER,2008-06-23,2019-08-26
84655398,Andrey Golubev,andrey golubev,KAZ,2008-08-25,2015-05-24
92599157,Austin Krajicek,austin krajicek,USA,2008-08-25,2016-01-18
54842034,Brendan Evans,brendan evans,USA,2008-08-25,2010-06-21
59741908,Carsten Ball,carsten ball,AUS,2008-08-25,2011-01-17
33007925,Jan Minar,jan minar,CZE,2008-08-25,2008-08-25
23328238,Rui Machado,rui machado,POR,2008-08-25,2012-08-27
32318521,Ryler Deheart,ryler deheart,USA,2008-08-25,2008-08-25
13877716,Stephane Bohli,stephane bohli,SUI,2008-08-25,2008-08-25
84320653,Andrea Stoppini,andrea stoppini,ITA,2009-01-19,2009-01-19
80365173,Bernard Tomic,bernard tomic,AUS,2009-01-19,2021-08-02
93511787,Colin Ebelthite,colin ebelthite,AUS,2009-01-19,2009-01-19
78876320,Lamine Ouahab,lamine ouahab,ALG,2009-01-19,2009-01-19
91848756,Peter Polansky,peter polansky,CAN,2009-01-19,2018-08-27
43616516,Sam Groth,sam groth,AUS,2009-01-19,2017-01-16
58036056,Daniel Koellerer,daniel koellerer,AUT,2009-05-25,2010-05-24
68279870,Franco Ferreiro,franco ferreiro,BRA,2009-05-25,2009-05-25
14169327,Guillaume Rufin,guillaume rufin,FRA,2009-05-25,2013-08-26
80481585,Leonardo Mayer,leonardo mayer,ARG,2009-05-25,2020-08-31
18152860,Romain Jouan,romain jouan,FRA,2009-05-25,2011-08-29
55830548,Daniel Evans,daniel evans,GBR,2009-06-22,2024-08-26
35866729,Grega Zemlja,grega zemlja,SLO,2009-06-22,2013-08-26
9095611,Grigor Dimitrov,grigor dimitrov,BUL,2009-06-22,2024-08-26
59893309,James Ward,james ward,GBR,2009-06-22,2019-01-07
79637651,Luka Gregorc,luka gregorc,SLO,2009-06-22,2009-06-22
58850860,Michael Yani,michael yani,USA,2009-06-22,2011-08-29
69917358,Riccardo Ghedin,riccardo ghedin,ITA,2009-06-22,2009-06-22
71114188,Santiago Gonzalez,santiago gonzalez,MEX,2009-06-22,2009-06-22
76078659,Chase Buchanan,chase buchanan,USA,2009-08-31,2009-08-31
81685543,Devin Britton,devin britton,USA,2009-08-31,2009-08-31
4910374,Horacio Zeballos,horacio zeballos,ARG,2009-08-31,2018-05-28
75842846,Marsel Ilhan,marsel ilhan,TUR,2009-08-31,2016-05-23
66523672,Somdev Devvarman,somdev devvarman,IND,2009-08-31,2014-06-23
27062350,Antonio Veic,antonio veic,CRO,2010-01-18,2011-05-22
96177559,Blaz Kavcic,blaz kavcic,SLO,2010-01-18,2018-01-15
75309651,David Guez,david guez,FRA,2010-01-18,2014-01-13
8920725,Illya Marchenko,illya marchenko,UKR,2010-01-18,2017-03-07
74784875,Ivan Dodig,ivan dodig,CRO,2010-01-18,2017-01-16
68349476,Ivan Sergeyev,ivan sergeyev,UKR,2010-01-18,2010-01-18
67914159,Jason Kubler,jason kubler,AUS,2010-01-18,2024-01-15
25467094,Louk Sorensen,louk sorensen,IRL,2010-01-18,2011-08-29
32189323,Marinko Matosevic,marinko matosevic,AUS,2010-01-18,2015-06-29
1836928,Matthew Ebden,matthew ebden,AUS,2010-01-18,2019-05-27
10280902,Paolo Lorenzi,paolo lorenzi,ITA,2010-01-18,2020-08-31
76038203,Ricardo Hocevar,ricardo hocevar,BRA,2010-01-18,2010-01-18
30962847,Ryan Harrison,ryan harrison,USA,2010-01-18,2019-01-14
54811555,Alexandr Dolgopolov,alexandr dolgopolov,UKR,2010-05-24,2018-01-15
3656666,Benoit Paire,benoit paire,FRA,2010-05-24,2023-05-29
4931224,Gianni Mina,gianni mina,FRA,2010-05-24,2010-05-24
95382419,Jorge Aguilar,jorge aguilar,CHI,2010-05-24,2010-05-24
17412605,Julian Reister,julian reister,GER,2010-05-24,2014-06-23
74470268,Martin Fischer,martin fischer,AUT,2010-05-24,2011-06-20
83508236,Pere Riba,pere riba,ESP,2010-05-24,2014-08-25
48353604,Andrey Kuznetsov,andrey kuznetsov,RUS,2010-06-21,2022-05-23
66052276,Dustin Brown,dustin brown,JAM,2010-06-21,2018-01-15
95235646,Guillermo Alcaide,guillermo alcaide,ESP,2010-06-21,2010-06-21
43815940,Ricardas Berankis,ricardas berankis,LTU,2010-06-21,2022-06-27
83930276,Andreas Haider Maurer,andreas haider maurer,AUT,2010-08-30,2018-05-28
92549367,Bradley Klahn,bradley klahn,USA,2010-08-30,2020-08-31
60293574,Dusan Lojda,dusan lojda,CZE,2010-08-30,2010-08-30
76699505,Jack Sock,jack sock,USA,2010-08-30,2022-08-29
28593290,Lukas Rosol,lukas rosol,CZE,2010-08-30,2022-06-27
63033541,Martin Klizan,martin klizan,SVK,2010-08-30,2019-08-26
64058540,Mikhail Kukushkin,mikhail kukushkin,KAZ,2010-08-30,2024-05-27
91829394,Milos Raonic,milos raonic,CAN,2010-08-30,2024-01-15
75736406,Tim Smyczek,tim smyczek,USA,2010-08-30,2018-08-27
27514929,Marco Crugnola,marco crugnola,ITA,2011-01-17,2011-01-17
22020588,Vincent Millot,vincent millot,FRA,2011-01-17,2017-08-28
42248572,Albert Ramos,albert ramos,ESP,2011-05-22,2024-08-26
69414241,Augustin Gensse,augustin gensse,FRA,2011-05-22,2011-08-29
93634128,Javier Marti,javier marti,ESP,2011-05-22,2011-05-22
2643748,Maxime Teixeira,maxime teixeira,FRA,2011-05-22,2013-05-27
85024009,Thomas Schoorel,thomas schoorel,NED,2011-05-22,2011-05-22
97545290,Cedrik Marcel Stebe,cedrik marcel stebe,GER,2011-06-20,2021-08-02
53908007,Conor Niland,conor niland,IRL,2011-06-20,2011-08-29
25138469,Daniel Cox,daniel cox,GBR,2011-06-20,2014-06-23
52077976,Igor Sijsling,igor sijsling,NED,2011-06-20,2016-06-27
95509998,Jaroslav Pospisil,jaroslav pospisil,CZE,2011-06-20,2011-06-20
33725662,Kenny De Schepper,kenny de schepper,FRA,2011-06-20,2016-05-23
72024767,Matthias Bachinger,matthias bachinger,GER,2011-06-20,2018-01-15
71615108,Ruben Bemelmans,ruben bemelmans,BEL,2011-06-20,2019-01-07
81076851,Joao Souza,joao souza,BRA,2011-08-29,2015-08-31
52905542,Jonathan Dasnieres De Veigy,jonathan dasnieres de veigy,FRA,2011-08-29,2012-05-27
56066690,Malek Jaziri,malek jaziri,TUN,2011-08-29,2019-05-27
3638453,Robert Farah,robert farah,COL,2011-08-29,2011-08-29
44808690,Rogerio Dutra Silva,rogerio dutra silva,BRA,2011-08-29,2018-05-28
58813454,Sergei Bubka,sergei bubka,UKR,2011-08-29,2011-08-29
97145470,Steve Johnson,steve johnson,USA,2011-08-29,2023-08-28
32332849,Tatsuma Ito,tatsuma ito,JPN,2011-08-29,2020-01-20
8579870,Vasek Pospisil,vasek pospisil,CAN,2011-08-29,2023-01-16
2284506,Alexander Kudryavtsev,alexander kudryavtsev,RUS,2012-01-16,2016-06-27
80527871,Benjamin Mitchell,benjamin mitchell,AUS,2012-01-16,2013-01-14
27186822,Denis Kudla,denis kudla,USA,2012-01-16,2023-01-16
27755159,Frederik Nielsen,frederik nielsen,DEN,2012-01-16,2012-01-16
51050326,Greg Jones,greg jones,AUS,2012-01-16,2012-01-16
88990078,James Duckworth,james duckworth,AUS,2012-01-16,2024-08-26
56466670,Jurgen Zopp,jurgen zopp,EST,2012-01-16,2018-05-28
78580397,Matteo Viola,matteo viola,ITA,2012-01-16,2012-01-16
88341605,Peter Gojowczyk,peter gojowczyk,GER,2012-01-16,2022-08-29
2319749,Roberto Bautista Agut,roberto bautista agut,ESP,2012-01-16,2024-08-26
4800079,Adrian Ungur,adrian ungur,ROU,2012-05-27,2016-05-23
64036821,Daniel Munoz de la Nava,daniel munoz de la nava,ESP,2012-05-27,2016-05-23
98990907,David Goffin,david goffin,BEL,2012-05-27,2024-08-26
42648993,Filip Krajinovic,filip krajinovic,SRB,2012-05-27,2023-05-29
36511109,Joao Sousa,joao sousa,POR,2012-05-27,2023-01-16
62852,Adrian Menendez Maceiras,adrian menendez maceiras,ESP,2012-06-25,2017-08-28
23777341,Inigo Cervantes Huegun,inigo cervantes huegun,ESP,2012-06-25,2016-08-29
14823942,Jerzy Janowicz,jerzy janowicz,POL,2012-06-25,2017-05-29
17242060,Oliver Golding,oliver golding,GBR,2012-06-25,2012-06-25
40319854,Dennis Novikov,dennis novikov,USA,2012-08-27,2016-06-27
86025420,Guido Andreozzi,guido andreozzi,ARG,2012-08-27,2019-05-27
27864298,Guido Pella,guido pella,ARG,2012-08-27,2023-08-28
31120675,Hiroki Moriya,hiroki moriya,JPN,2012-08-27,2015-06-29
85893318,Maxime Authom,maxime authom,BEL,2012-08-27,2013-01-14
62285677,Rhyne Williams,rhyne williams,USA,2012-08-27,2014-01-13
65237694,Aljaz Bedene,aljaz bedene,SLO,2013-01-14,2022-08-29
35247134,Amir Weintraub,amir weintraub,ISR,2013-01-14,2013-01-14
19235851,Arnau Brugues Davi,arnau brugues davi,ESP,2013-01-14,2013-01-14
79364435,Di Wu,di wu,CHN,2013-01-14,2016-01-18
6384390,Evgeny Donskoy,evgeny donskoy,RUS,2013-01-14,2021-08-30
23031577,John Millman,john millman,AUS,2013-01-14,2023-01-16
4581515,John Patrick Smith,john patrick smith,AUS,2013-01-14,2020-01-20
71267884,Luke Saville,luke saville,AUS,2013-01-14,2016-06-27
12661837,Federico Delbonis,federico delbonis,ARG,2013-05-27,2022-08-29
55017716,Jan Lennard Struff,jan lennard struff,GER,2013-05-27,2024-08-26
71626122,Jiri Vesely,jiri vesely,CZE,2013-05-27,2024-01-15
93355379,Lucas Pouille,lucas pouille,FRA,2013-05-27,2024-01-07
46770959,Martin Alund,martin alund,ARG,2013-05-27,2013-06-24
76269198,Nick Kyrgios,nick kyrgios,AUS,2013-05-27,2022-08-29
23023747,Pablo Carreno Busta,pablo carreno busta,ESP,2013-05-27,2024-08-26
4774359,Bastian Knittel,bastian knittel,GER,2013-06-24,2013-06-24
58982074,Gastao Elias,gastao elias,POR,2013-06-24,2018-02-07
2199745,Kyle Edmund,kyle edmund,GBR,2013-06-24,2023-01-16
53816847,Matt Reid,matt reid,AUS,2013-06-24,2013-06-24
21106747,Albano Olivetti,albano olivetti,FRA,2013-08-26,2016-06-27
23151612,Andrej Martin,andrej martin,SVK,2013-08-26,2021-08-02
22049911,Collin Altamirano,collin altamirano,USA,2013-08-26,2018-08-27
80253193,Thomas Fabbiano,thomas fabbiano,ITA,2013-08-26,2019-08-26
28510968,Alejandro Gonzalez,alejandro gonzalez,COL,2014-01-13,2015-08-31
37493615,Aleksandr Nedovyesov,aleksandr nedovyesov,KAZ,2014-01-13,2015-08-31
71496444,Blaz Rola,blaz rola,SLO,2014-01-13,2019-05-27
20848857,Damir Dzumhur,damir dzumhur,BIH,2014-01-13,2022-01-17
40035892,Dominic Thiem,dominic thiem,AUT,2014-01-13,2024-08-26
99764096,Dusan Lajovic,dusan lajovic,SRB,2014-01-13,2024-08-26
85221269,Jordan Thompson,jordan thompson,AUS,2014-01-13,2024-08-26
74189284,Thanasi Kokkinakis,thanasi kokkinakis,AUS,2014-01-13,2024-08-26
21203621,Ze Zhang,ze zhang,CHN,2014-01-13,2015-01-19
11667704,Andrea Arnaboldi,andrea arnaboldi,ITA,2014-05-26,2019-01-07
59204007,Ante Pavic,ante pavic,CRO,2014-05-26,2014-06-23
56290182,Axel Michon,axel michon,FRA,2014-05-26,2014-05-26
12576254,Diego Schwartzman,diego schwartzman,ARG,2014-05-26,2024-08-26
59336735,Facundo Arguello,facundo arguello,ARG,2014-05-26,2015-05-24
24829845,Facundo Bagnis,facundo bagnis,ARG,2014-05-26,2023-01-16
33741490,Laurent Lokoli,laurent lokoli,FRA,2014-05-26,2023-03-07
58493352,Miloslav Mecir Jr,miloslav mecir jr,SVK,2014-05-26,2014-05-26
43994316,Pierre Hugues Herbert,pierre hugues herbert,FRA,2014-05-26,2024-05-27
38836000,Victor Estrella,victor estrella,DOM,2014-05-26,2018-01-15
42462174,Daniel Smethurst,daniel smethurst,GBR,2014-06-23,2014-06-23
96890866,Konstantin Kravchuk,konstantin kravchuk,RUS,2014-06-23,2017-05-29
39693877,Tim Puetz,tim puetz,GER,2014-06-23,2015-01-19
93984342,Yuichi Sugita,yuichi sugita,JPN,2014-06-23,2021-08-30
33620474,Borna Coric,borna coric,CRO,2014-08-25,2024-08-26
73988324,James Mcgee,james mcgee,IRL,2014-08-25,2014-08-25
82355692,Jared Donaldson,jared donaldson,USA,2014-08-25,2018-05-28
92165347,Marcos Giron,marcos giron,USA,2014-08-25,2024-08-26
52937265,Niels Desein,niels desein,BEL,2014-08-25,2014-08-25
46457926,Noah Rubin,noah rubin,USA,2014-08-25,2019-01-07
43601615,Radu Albot,radu albot,MDA,2014-08-25,2024-08-26
29471513,Taro Daniel,taro daniel,JPN,2014-08-25,2024-08-26
83339930,Yoshihito Nishioka,yoshihito nishioka,JPN,2014-08-25,2024-08-26
31951863,Elias Ymer,elias ymer,SWE,2015-01-19,2024-01-07
59997146,Marius Copil,marius copil,ROU,2015-01-19,2019-08-26
66893811,Yuki Bhambri,yuki bhambri,IND,2015-01-19,2018-08-27
9355355,Christian Lindell,christian lindell,SWE,2015-05-24,2015-05-24
55103597,Frances Tiafoe,frances tiafoe,USA,2015-05-24,2024-08-26
47972717,Germain Gigounon,germain gigounon,BEL,2015-05-24,2015-05-24
58962440,Kimmer Coppejans,kimmer coppejans,BEL,2015-05-24,2023-03-07
79776467,Luca Vanni,luca vanni,ITA,2015-05-24,2019-01-14
27023685,Maxime Hamou,maxime hamou,FRA,2015-05-24,2017-05-29
74367467,Nikoloz Basilashvili,nikoloz basilashvili,GEO,2015-05-24,2023-01-16
56134727,Quentin Halys,quentin halys,FRA,2015-05-24,2024-08-26
46734571,Alexander Zverev,alexander zverev,GER,2015-06-29,2024-08-26
10991086,Hyeon Chung,hyeon chung,KOR,2015-06-29,2019-08-26
10631763,Liam Broady,liam broady,GBR,2015-06-29,2024-01-07
63724855,Andrey Rublev,andrey rublev,RUS,2015-08-31,2024-08-26
3265508,Bjorn Fratangelo,bjorn fratangelo,USA,2015-08-31,2022-05-23
19421898,Marco Cecchinato,marco cecchinato,ITA,2015-08-31,2023-08-28
862659,Ryan Shane,ryan shane,USA,2015-08-31,2015-08-31
19417702,Tommy Paul,tommy paul,USA,2015-08-31,2024-08-26
1316993,Jozef Kovalik,jozef kovalik,SVK,2016-01-18,2024-05-27
53123998,Marco Trungelliti,marco trungelliti,ARG,2016-01-18,2022-01-17
70596088,Mirza Basic,mirza basic,BIH,2016-01-18,2019-01-14
71240421,Omar Jasika,omar jasika,AUS,2016-01-18,2024-01-15
25692656,Renzo Olivo,renzo olivo,ARG,2016-01-18,2017-05-29
77721566,Taylor Fritz,taylor fritz,USA,2016-01-18,2024-08-26
36504399,Adam Pavlasek,adam pavlasek,CZE,2016-05-23,2018-05-28
50263881,Gerald Melzer,gerald melzer,AUT,2016-05-23,2018-01-15
72552718,Gregoire Barrere,gregoire barrere,FRA,2016-05-23,2024-05-27
1664060,Jordi Samper Montana,jordi samper montana,ESP,2016-05-23,2016-05-23
23946905,Laslo Djere,laslo djere,SRB,2016-05-23,2024-08-26
33821870,Mathias Bourgue,mathias bourgue,FRA,2016-05-23,2021-05-31
71463953,Roberto Carballes Baena,roberto carballes baena,ESP,2016-05-23,2024-08-26
65826293,Alexander Ward,alexander ward,GBR,2016-06-27,2017-03-07
98174267,Franko Skugor,franko skugor,CRO,2016-06-27,2016-06-27
37483473,Marcus Willis,marcus willis,GBR,2016-06-27,2016-06-27
50075584,Matthew Barton,matthew barton,AUS,2016-06-27,2016-06-27
16986602,Tristan Lamasine,tristan lamasine,FRA,2016-06-27,2016-06-27
3133152,Alessandro Giannessi,alessandro giannessi,ITA,2016-08-29,2022-05-23
75585919,Christian Harrison,christian harrison,USA,2016-08-29,2022-06-27
77124634,Ernesto Escobedo,ernesto escobedo,MEX,2016-08-29,2023-01-16
84997714,Guilherme Clezar,guilherme clezar,BRA,2016-08-29,2016-08-29
67817950,Ilya Ivashka,ilya ivashka,BLR,2016-08-29,2023-08-28
21678284,Jan Satral,jan satral,CZE,2016-08-29,2016-08-29
92203525,Karen Khachanov,karen khachanov,RUS,2016-08-29,2024-08-26
31755184,Mackenzie Mcdonald,mackenzie mcdonald,USA,2016-08-29,2024-08-26
36186323,Marton Fucsovics,marton fucsovics,HUN,2016-08-29,2024-08-26
8575934,Michael Mmoh,michael mmoh,USA,2016-08-29,2023-08-28
68898356,Saketh Myneni,saketh myneni,IND,2016-08-29,2016-08-29
65417071,Alex Bolt,alex bolt,AUS,2017-01-16,2024-01-07
28865657,Alex De Minaur,alex de minaur,AUS,2017-01-16,2024-08-26
40706048,Alexander Bublik,alexander bublik,KAZ,2017-01-16,2024-08-26
13725465,Andrew Whittington,andrew whittington,AUS,2017-01-16,2017-03-07
52070874,Blake Mott,blake mott,AUS,2017-01-16,2017-01-16
72134275,Christopher Oconnell,christopher oconnell,AUS,2017-01-16,2024-08-26
57428056,Daniil Medvedev,daniil medvedev,RUS,2017-01-16,2024-08-26
75506370,Reilly Opelka,reilly opelka,USA,2017-01-16,2024-08-26
62268381,Thiago Monteiro,thiago monteiro,BRA,2017-01-16,2024-08-26
19083412,Cameron Norrie,cameron norrie,GBR,2017-03-07,2024-05-27
60341114,Cristian Garin,cristian garin,CHI,2017-03-07,2024-01-15
1710964,Denis Shapovalov,denis shapovalov,CAN,2017-03-07,2024-08-26
90934312,Henri Laaksonen,henri laaksonen,SUI,2017-03-07,2022-06-27
23872944,Nicolas Jarry,nicolas jarry,CHI,2017-03-07,2024-08-26
2790234,Nicolas Kicker,nicolas kicker,ARG,2017-03-07,2018-01-15
34801280,Norbert Gombos,norbert gombos,SVK,2017-03-07,2022-08-29
36411707,Sebastian Ofner,sebastian ofner,AUT,2017-03-07,2024-08-26
60962221,Stefano Travaglia,stefano travaglia,ITA,2017-03-07,2023-08-28
57771350,Stefanos Tsitsipas,stefanos tsitsipas,GRE,2017-03-07,2024-08-26
98376956,Alexandre Muller,alexandre muller,FRA,2017-05-29,2024-08-26
36823293,Arthur De Greef,arthur de greef,BEL,2017-05-29,2017-05-29
66463081,Benjamin Bonzi,benjamin bonzi,FRA,2017-05-29,2024-01-15
67582260,Stefano Napolitano,stefano napolitano,ITA,2017-05-29,2017-05-29
93309920,Tennys Sandgren,tennys sandgren,USA,2017-05-29,2021-08-30
51742194,Christopher Eubanks,christopher eubanks,USA,2017-08-28,2024-08-26
8427463,Darian King,darian king,BAR,2017-08-28,2017-08-28
12390486,Evan King,evan king,USA,2017-08-28,2017-08-28
8684710,Geoffrey Blancaneaux,geoffrey blancaneaux,FRA,2017-08-28,2022-05-23
35885002,Jc Aragone,jc aragone,USA,2017-08-28,2017-08-28
75918781,Maximilian Marterer,maximilian marterer,GER,2017-08-28,2024-08-26
74046612,Patrick Kypson,patrick kypson,USA,2017-08-28,2024-01-15
94488419,Thai Son Kwiatkowski,thai son kwiatkowski,USA,2017-08-28,2020-08-31
81514430,Vaclav Safranek,vaclav safranek,CZE,2017-08-28,2018-01-15
59624151,Alexei Popyrin,alexei popyrin,AUS,2018-01-15,2024-08-26
6089897,Casper Ruud,casper ruud,NOR,2018-01-15,2024-08-26
33590805,Corentin Moutet,corentin moutet,FRA,2018-01-15,2024-08-26
70514144,Dennis Novak,dennis novak,AUT,2018-01-15,2023-03-07
3173899,Jaume Munar,jaume munar,ESP,2018-01-15,2024-08-26
41977191,Kevin King,kevin king,USA,2018-01-15,2018-01-15
73459386,Lorenzo Sonego,lorenzo sonego,ITA,2018-01-15,2024-08-26
3867010,Matteo Berrettini,matteo berrettini,ITA,2018-01-15,2024-08-26
20518325,Salvatore Caruso,salvatore caruso,ITA,2018-01-15,2022-01-17
42923296,Soon Woo Kwon,soon woo kwon,KOR,2018-01-15,2024-08-26
13023002,Hubert Hurkacz,hubert hurkacz,POL,2018-02-07,2024-08-26
55978194,Jason Jung,jason jung,TPE,2018-02-07,2020-09-28
76810834,Jay Clarke,jay clarke,GBR,2018-02-07,2022-06-27
13252083,Yannick Maden,yannick maden,GER,2018-02-07,2019-05-27
91759742,Calvin Hemery,calvin hemery,FRA,2018-05-28,2018-05-28
96307959,Carlos Taberner,carlos taberner,ESP,2018-05-28,2022-06-27
925434,Elliot Benchetrit,elliot benchetrit,MAR,2018-05-28,2020-09-28
34779839,Maxime Janvier,maxime janvier,FRA,2018-05-28,2024-01-07
51222602,Mohamed Safwat,mohamed safwat,EGY,2018-05-28,2020-08-31
32798447,Oscar Otte,oscar otte,GER,2018-05-28,2023-05-29
58407807,Federico Gaio,federico gaio,ITA,2018-08-27,2020-08-31
92303924,Felix Auger Aliassime,felix auger aliassime,CAN,2018-08-27,2024-08-26
38209508,Jenson Brooksby,jenson brooksby,USA,2018-08-27,2023-01-16
32879539,Lloyd Harris,lloyd harris,RSA,2018-08-27,2024-01-15
88297911,Mitchell Krueger,mitchell krueger,USA,2018-08-27,2024-08-26
37682973,Ugo Humbert,ugo humbert,FRA,2018-08-27,2024-08-26
98641416,Yannick Hanfmann,yannick hanfmann,GER,2018-08-27,2024-05-27
94693962,Brayden Schnur,brayden schnur,CAN,2019-01-07,2019-08-26
14280435,Dominik Koepfer,dominik koepfer,GER,2019-01-07,2024-08-26
44469255,Hugo Dellien,hugo dellien,BOL,2019-01-07,2023-08-28
4721340,Juan Ignacio Londero,juan ignacio londero,ARG,2019-01-07,2022-05-23
51843347,Kamil Majchrzak,kamil majchrzak,POL,2019-01-07,2022-08-29
49516601,Miomir Kecmanovic,miomir kecmanovic,SRB,2019-01-07,2024-08-26
88047787,Paul Jubb,paul jubb,GBR,2019-01-07,2024-01-07
89279663,Prajnesh Gunneswaran,prajnesh gunneswaran,IND,2019-01-07,2020-01-20
39839341,Yasutaka Uchiyama,yasutaka uchiyama,JPN,2019-01-07,2021-08-02
84173088,Gleb Sakharov,gleb sakharov,FRA,2019-01-14,2019-01-14
43643267,Marc Polmans,marc polmans,AUS,2019-01-14,2024-01-15
42081519,Pedro Sousa,pedro sousa,POR,2019-01-14,2021-08-02
33774240,Rudolf Molleker,rudolf molleker,GER,2019-01-14,2019-05-27
20379977,Zhe Li,zhe li,CHN,2019-01-14,2019-01-14
70535143,Alejandro Davidovich Fokina,alejandro davidovich fokina,ESP,2019-05-27,2024-08-26
75510026,Alexey Vatutin,alexey vatutin,RUS,2019-05-27,2019-05-27
48888521,Antoine Hoang,antoine hoang,FRA,2019-05-27,2021-08-30
46285618,Mikael Ymer,mikael ymer,SWE,2019-05-27,2023-05-29
54492394,Pedro Martinez,pedro martinez,ESP,2019-05-27,2024-08-26
51244226,Egor Gerasimov,egor gerasimov,BLR,2019-08-26,2022-01-17
26618743,Jannik Sinner,jannik sinner,ITA,2019-08-26,2024-08-26
95838804,Sumit Nagal,sumit nagal,IND,2019-08-26,2024-08-26
1468315,Zachary Svajda,zachary svajda,USA,2019-08-26,2024-08-26
98310035,Alejandro Tabilo,alejandro tabilo,CHI,2020-01-20,2024-08-26
66612351,Andrew Harris,andrew harris,AUS,2020-01-20,2020-01-20
49101984,Daniel Elahi Galan,daniel elahi galan,COL,2020-01-20,2024-05-27
38380125,Hugo Gaston,hugo gaston,FRA,2020-01-20,2024-08-26
95795271,Lorenzo Giustino,lorenzo giustino,ITA,2020-01-20,2020-09-28
55239023,Mario Vilella Martinez,mario vilella martinez,ESP,2020-01-20,2021-08-02
53992293,Max Purcell,max purcell,AUS,2020-01-20,2024-08-26
81199702,Tallon Griekspoor,tallon griekspoor,NED,2020-01-20,2024-08-26
31180705,Attila Balazs,attila balazs,HUN,2020-08-31,2023-08-28
84303126,Brandon Nakashima,brandon nakashima,USA,2020-08-31,2024-08-26
67636016,Emil Ruusuvuori,emil ruusuvuori,FIN,2020-08-31,2024-05-27
20254810,Federico Coria,federico coria,ARG,2020-08-31,2024-08-26
70953166,Gianluca Mager,gianluca mager,ITA,2020-08-31,2022-01-17
95035878,J J Wolf,j j wolf,USA,2020-08-31,2024-05-27
57114045,Maxime Cressy,maxime cressy,USA,2020-08-31,2023-05-29
75308876,Sebastian Korda,sebastian korda,USA,2020-08-31,2024-08-26
54656386,Thiago Seyboth Wild,thiago seyboth wild,BRA,2020-08-31,2024-08-26
51690017,Ulises Blanch,ulises blanch,USA,2020-08-31,2020-08-31
65164965,Aleksandar Vukic,aleksandar vukic,AUS,2020-09-28,2024-08-26
51629851,Arthur Rinderknech,arthur rinderknech,FRA,2020-09-28,2024-08-26
7621612,Daniel Altmaier,daniel altmaier,GER,2020-09-28,2024-08-26
40056975,Emilio Gomez,emilio gomez,ECU,2020-09-28,2022-01-17
53404244,Harold Mayot,harold mayot,FRA,2020-09-28,2024-05-27
79511522,Jurij Rodionov,jurij rodionov,AUT,2020-09-28,2023-05-29
89618252,Nikola Milojevic,nikola milojevic,SRB,2020-09-28,2022-01-17
95136651,Steven Diez,steven diez,CAN,2020-09-28,2020-09-28
82055340,Tomas Machac,tomas machac,CZE,2020-09-28,2024-08-26
46085275,Arthur Cazaux,arthur cazaux,FRA,2021-05-31,2024-08-26
56370289,Aslan Karatsev,aslan karatsev,RUS,2021-05-31,2024-05-27
7178991,Bernabe Zapata Miralles,bernabe zapata miralles,ESP,2021-05-31,2024-01-15
72573175,Botic Van De Zandschulp,botic van de zandschulp,NED,2021-05-31,2024-08-26
73350060,Carlos Alcaraz,carlos alcaraz,ESP,2021-05-31,2024-08-26
72316466,Enzo Couacaud,enzo couacaud,FRA,2021-05-31,2023-08-28
4934250,Francisco Cerundolo,francisco cerundolo,ARG,2021-05-31,2024-08-26
58373494,Lorenzo Musetti,lorenzo musetti,ITA,2021-05-31,2024-08-26
45663925,Roman Safiullin,roman safiullin,RUS,2021-05-31,2024-08-26
99263469,Daniel Masur,daniel masur,GER,2021-06-28,2021-06-28
73914024,Jack Draper,jack draper,GBR,2021-06-28,2024-08-26
63740170,Tomas Barrios Vera,tomas barrios vera,CHI,2021-06-28,2023-03-07
46352434,Zhizhen Zhang,zhizhen zhang,CHN,2021-06-28,2024-08-26
56243922,Frederico Ferreira Silva,frederico ferreira silva,POR,2021-08-02,2021-08-02
70945537,Li Tu,li tu,AUS,2021-08-02,2024-08-26
64462920,Mikael Torpegaard,mikael torpegaard,DEN,2021-08-02,2021-08-02
25809887,Alex Molcan,alex molcan,SVK,2021-08-30,2023-08-28
81049321,Cem Ilkel,cem ilkel,TUR,2021-08-30,2021-08-30
45922391,Emilio Nava,emilio nava,USA,2021-08-30,2023-08-28
66711212,Holger Rune,holger rune,DEN,2021-08-30,2024-08-26
28493548,Sam Riffice,sam riffice,USA,2021-08-30,2021-08-30
90300823,Chun Hsin Tseng,chun hsin tseng,TPE,2022-01-17,2023-01-16
54821561,Jiri Lehecka,jiri lehecka,CZE,2022-01-17,2024-08-26
26581288,Juan Manuel Cerundolo,juan manuel cerundolo,ARG,2022-01-17,2023-08-28
72245817,Sebastian Baez,sebastian baez,ARG,2022-01-17,2024-08-26
37815540,Stefan Kozlov,stefan kozlov,USA,2022-01-17,2022-08-29
87492898,Timofey Skatov,timofey skatov,KAZ,2022-01-17,2024-08-26
62488580,Tomas Martin Etcheverry,tomas martin etcheverry,ARG,2022-01-17,2024-08-26
72928363,Borna Gojo,borna gojo,CRO,2022-05-23,2023-08-28
78016004,Camilo Ugo Carabelli,camilo ugo carabelli,ARG,2022-05-23,2024-08-26
55400919,Franco Agamenone,franco agamenone,ITA,2022-05-23,2022-05-23
75455260,Giulio Zeppieri,giulio zeppieri,ITA,2022-05-23,2024-05-27
73836961,Juan Pablo Varillas,juan pablo varillas,PER,2022-05-23,2024-01-15
18366465,Manuel Guinard,manuel guinard,FRA,2022-05-23,2022-05-23
83786690,Nuno Borges,nuno borges,POR,2022-05-23,2024-08-26
44026582,Pavel Kotov,pavel kotov,RUS,2022-05-23,2024-08-26
87725172,Pedro Cachin,pedro cachin,ARG,2022-05-23,2024-05-27
14738239,Santiago Fa Rodriguez Taverna,santiago fa rodriguez taverna,ARG,2022-05-23,2022-05-23
81449443,Zdenek Kolar,zdenek kolar,CZE,2022-05-23,2022-06-27
49618514,Alastair Gray,alastair gray,GBR,2022-06-27,2022-06-27
1215325,Alexander Ritschard,alexander ritschard,SUI,2022-06-27,2022-08-29
57514053,Andrea Vavassori,andrea vavassori,ITA,2022-06-27,2023-05-29
42474932,Hugo Grenier,hugo grenier,FRA,2022-06-27,2024-08-26
36658708,Lukas Klein,lukas klein,SVK,2022-06-27,2024-01-15
28716698,Marc Andrea Huesler,marc andrea huesler,SUI,2022-06-27,2023-08-28
85376394,Nicola Kuhn,nicola kuhn,GER,2022-06-27,2022-06-27
28428227,Ryan Peniston,ryan peniston,GBR,2022-06-27,2023-03-07
29256924,Tim Van Rijthoven,tim van rijthoven,NED,2022-06-27,2022-08-29
75176361,Zizou Bergs,zizou bergs,BEL,2022-06-27,2024-08-26
16684172,Ben Shelton,ben shelton,USA,2022-08-29,2024-08-26
65925134,Brandon Holt,brandon holt,USA,2022-08-29,2023-01-16
18228957,Gijs Brouwer,gijs brouwer,NED,2022-08-29,2023-03-07
25946104,Learner Tien,learner tien,USA,2022-08-29,2024-08-26
87494374,Rinky Hijikata,rinky hijikata,AUS,2022-08-29,2024-08-26
54263250,Yibing Wu,yibing wu,CHN,2022-08-29,2023-08-28
2578301,Constant Lestienne,constant lestienne,FRA,2023-01-16,2024-08-26
22934714,Dalibor Svrcina,dalibor svrcina,CZE,2023-01-16,2023-01-16
27684507,Juncheng Shang,juncheng shang,CHN,2023-01-16,2024-08-26
51838421,Luca Van Assche,luca van assche,FRA,2023-01-16,2024-05-27
37245147,Mattia Bellucci,mattia bellucci,ITA,2023-01-16,2024-08-26
69316975,Oleksii Krutykh,oleksii krutykh,UKR,2023-01-16,2023-01-16
74581005,Yosuke Watanuki,yosuke watanuki,JPN,2023-01-16,2024-01-15
17642702,Yu Hsiou Hsu,yu hsiou hsu,TPE,2023-01-16,2023-08-28
93154317,Alexander Shevchenko,alexander shevchenko,KAZ,2023-03-07,2024-08-26
98741961,Arthur Fery,arthur fery,GBR,2023-03-07,2024-01-07
64847893,Arthur Fils,arthur fils,FRA,2023-03-07,2024-08-26
53185636,Dominic Stricker,dominic stricker,SUI,2023-03-07,2024-08-26
50034464,Fabian Marozsan,fabian marozsan,HUN,2023-03-07,2024-08-26
89267594,George Loffhagen,george loffhagen,GBR,2023-03-07,2023-03-07
19744841,Hamad Medjedovic,hamad medjedovic,SRB,2023-03-07,2024-08-26
38504890,Jan Choinski,jan choinski,GBR,2023-03-07,2024-08-26
99099448,Matteo Arnaldi,matteo arnaldi,ITA,2023-03-07,2024-08-26
21788455,Shintaro Mochizuki,shintaro mochizuki,JPN,2023-03-07,2024-05-27
84666610,Sho Shimabukuro,sho shimabukuro,JPN,2023-03-07,2023-08-28
12606113,Aleksandar Kovacevic,aleksandar kovacevic,USA,2023-05-29,2024-08-26
65870644,Eduardo Nava,eduardo nava,USA,2023-05-29,2023-05-29
93934671,Facundo Diaz Acosta,facundo diaz acosta,ARG,2023-05-29,2024-08-26
74753368,Flavio Cobolli,flavio cobolli,ITA,2023-05-29,2024-08-26
61580393,Genaro Alberto Olivieri,genaro alberto olivieri,ARG,2023-05-29,2023-05-29
51899349,Giovanni Mpetshi Perricard,giovanni mpetshi perricard,FRA,2023-05-29,2024-08-26
44633948,Thiago Agustin Tirante,thiago agustin tirante,ARG,2023-05-29,2024-05-27
12611033,Alex Michelsen,alex michelsen,USA,2023-08-28,2024-08-26
91082262,Ethan Quinn,ethan quinn,USA,2023-08-28,2023-08-28
64434596,Felipe Meligeni Alves,felipe meligeni alves,BRA,2023-08-28,2024-05-27
88300054,Jakub Mensik,jakub mensik,CZE,2023-08-28,2024-08-26
64831305,Nicolas Moreno De Alboran,nicolas moreno de alboran,USA,2023-08-28,2024-05-27
23265734,Otto Virtanen,otto virtanen,FIN,2023-08-28,2024-08-26
54916395,Titouan Droguet,titouan droguet,FRA,2023-08-28,2023-08-28
3219108,Adam Walton,adam walton,AUS,2024-01-07,2024-08-26
41682873,Alejandro Moro Canas,alejandro moro canas,ESP,2024-01-07,2024-01-07
36266675,Billy Harris,billy harris,GBR,2024-01-07,2024-01-07
66219887,Charles Broom,charles broom,GBR,2024-01-07,2024-01-07
5219819,Francisco Comesana,francisco comesana,ARG,2024-01-07,2024-08-26
71955015,Henry Searle,henry searle,GBR,2024-01-07,2024-01-07
35516306,Jacob Fearnley,jacob fearnley,GBR,2024-01-07,2024-01-07
88481648,Luca Nardi,luca nardi,ITA,2024-01-07,2024-08-26
99747631,Luciano Darderi,luciano darderi,ITA,2024-01-07,2024-08-26
70321718,Mariano Navone,mariano navone,ARG,2024-01-07,2024-08-26
91384217,Mark Lajal,mark lajal,EST,2024-01-07,2024-01-07
59148214,Vit Kopriva,vit kopriva,CZE,2024-01-07,2024-01-15
66065100,Dane Sweeny,dane sweeny,AUS,2024-01-15,2024-01-15
69264655,Dino Prizmic,dino prizmic,CRO,2024-01-15,2024-01-15
9934620,James Mccabe,james mccabe,AUS,2024-01-15,2024-01-15
6282162,Jesper De Jong,jesper de jong,NED,2024-01-15,2024-05-27
757042,Mate Valkusz,mate valkusz,HUN,2024-01-15,2024-01-15
72882994,Terence Atmane,terence atmane,FRA,2024-01-15,2024-05-27
7508473,Filip Misolic,filip misolic,AUT,2024-05-27,2024-05-27
65408352,Gabriel Diallo,gabriel diallo,CAN,2024-05-27,2024-08-26
6274934,Gustavo Heide,gustavo heide,BRA,2024-05-27,2024-05-27
69909514,Henri Squire,henri squire,GER,2024-05-27,2024-05-27
12832573,Roman Andres Burruchaga,roman andres burruchaga,ARG,2024-05-27,2024-05-27
90501562,Valentin Vacherot,valentin vacherot,MON,2024-05-27,2024-05-27
71849665,Bu Yunchaokete,bu yunchaokete,CHN,2024-08-26,2024-08-26
35778786,Eliot Spizzirri,eliot spizzirri,USA,2024-08-26,2024-08-26
46083206,Kyrian Jacquet,kyrian jacquet,FRA,2024-08-26,2024-08-26
6595051,Maks Kasnikowski,maks kasnikowski,POL,2024-08-26,2024-08-26
98936039,Matthew Forbes,matthew forbes,USA,2024-08-26,2024-08-26
63577812,Tristan Schoolkate,tristan schoolkate,AUS,2024-08-26,2024-08-26
65330098,Bu Y.,bu y.,CHN,2025-01-12,2025-07-02
76867621,Darderi L.,darderi l.,ITA,2025-01-12,2025-07-04
88605083,Fils A.,fils a.,FRA,2025-01-12,2025-05-31
5123010,Gaston H.,gaston h.,FRA,2025-01-12,2025-07-01
77310196,Gigante M.,gigante m.,ITA,2025-01-12,2025-05-30
60588347,Habib H.,habib h.,LBN,2025-01-12,2025-01-15
78598534,Halys Q.,halys q.,FRA,2025-01-12,2025-07-01
14624389,Humbert U.,humbert u.,FRA,2025-01-12,2025-07-01
5036584,Jasika O.,jasika o.,AUS,2025-01-12,2025-01-12
91878028,Lehecka J.,lehecka j.,CZE,2025-01-12,2025-07-02
14816125,Machac T.,machac t.,CZE,2025-01-12,2025-07-03
23368873,Martinez P.,martinez p.,ESP,2025-01-12,2025-07-05
53872393,Monteiro T.,monteiro t.,BRA,2025-01-12,2025-05-25
3991962,Munar J.,munar j.,ESP,2025-01-12,2025-07-05
30002872,Nagal S.,nagal s.,IND,2025-01-12,2025-01-12
5414396,Nishikori K.,nishikori k.,JPN,2025-01-12,2025-01-15
91701327,Onclin G.,onclin g.,BEL,2025-01-12,2025-01-12
64187739,Opelka R.,opelka r.,USA,2025-01-12,2025-07-03
62170040,Pouille L.,pouille l.,FRA,2025-01-12,2025-01-12
24841425,Ruud C.,ruud c.,NOR,2025-01-12,2025-05-28
14411832,Tu L.,tu l.,AUS,2025-01-12,2025-01-12
7976090,Virtanen O.,virtanen o.,FIN,2025-01-12,2025-01-12
70629879,Walton A.,walton a.,AUS,2025-01-12,2025-07-01
10750970,Zverev A.,zverev a.,GER,2025-01-12,2025-07-01
68111224,Alcaraz C.,alcaraz c.,ESP,2025-01-13,2025-07-13
1397516,Auger-Aliassime F.,auger-aliassime f.,CAN,2025-01-13,2025-07-03
90877286,Baez S.,baez s.,ARG,2025-01-13,2025-07-01
44848596,Basavareddy N.,basavareddy n.,USA,2025-01-13,2025-06-30
83538455,Basilashvili N.,basilashvili n.,GEO,2025-01-13,2025-07-03
38847756,Bonzi B.,bonzi b.,FRA,2025-01-13,2025-07-02
27667875,Borges N.,borges n.,POR,2025-01-13,2025-07-04
16144792,Carballes Baena R.,carballes baena r.,ESP,2025-01-13,2025-07-01
80770926,Cazaux A.,cazaux a.,FRA,2025-01-13,2025-07-03
69071434,Daniel T.,daniel t.,JPN,2025-01-13,2025-01-13
5200467,Davidovich Fokina A.,davidovich fokina a.,ESP,2025-01-13,2025-07-04
93908307,Dimitrov G.,dimitrov g.,BUL,2025-01-13,2025-07-07
5105611,Djokovic N.,djokovic n.,SRB,2025-01-13,2025-07-11
22166643,Dougaz A.,dougaz a.,TUN,2025-01-13,2025-01-13
29869556,Draper J.,draper j.,GBR,2025-01-13,2025-07-03
88812787,Duckworth J.,duckworth j.,AUS,2025-01-13,2025-06-30
28308977,Dzumhur D.,dzumhur d.,BIH,2025-01-13,2025-07-01
91087531,Faria J.,faria j.,POR,2025-01-13,2025-07-01
35901564,Fearnley J.,fearnley j.,GBR,2025-01-13,2025-06-30
82987719,Goffin D.,goffin d.,BEL,2025-01-13,2025-07-01
92925769,Jarry N.,jarry n.,CHI,2025-01-13,2025-07-06
40649004,Klein L.,klein l.,SVK,2025-01-13,2025-01-13
72924460,Koepfer D.,koepfer d.,GER,2025-01-13,2025-01-13
66135979,Kokkinakis T.,kokkinakis t.,AUS,2025-01-13,2025-01-15
352240,Korda S.,korda s.,USA,2025-01-13,2025-05-30
23220288,Kotov P.,kotov p.,RUS,2025-01-13,2025-01-13
36189780,Kyrgios N.,kyrgios n.,AUS,2025-01-13,2025-01-13
40266991,Landaluce M.,landaluce m.,ESP,2025-01-13,2025-01-13
44773010,Marozsan F.,marozsan f.,HUN,2025-01-13,2025-07-03
96273591,Mccabe J.,mccabe j.,AUS,2025-01-13,2025-01-16
80635371,Mensik J.,mensik j.,CZE,2025-01-13,2025-07-05
85374453,Michelsen A.,michelsen a.,USA,2025-01-13,2025-07-01
520251,Muller A.,muller a.,FRA,2025-01-13,2025-07-01
94508318,Navone M.,navone m.,ARG,2025-01-13,2025-07-03
14972380,Nishioka Y.,nishioka y.,JPN,2025-01-13,2025-07-01
77737595,O Connell C.,o connell c.,AUS,2025-01-13,2025-06-30
62596809,Passaro F.,passaro f.,ITA,2025-01-13,2025-05-27
46975492,Paul T.,paul t.,USA,2025-01-13,2025-07-03
72067782,Rinderknech A.,rinderknech a.,FRA,2025-01-13,2025-07-04
67145120,Safiullin R.,safiullin r.,RUS,2025-01-13,2025-06-30
42445010,Schoolkate T.,schoolkate t.,AUS,2025-01-13,2025-05-25
69838886,Seyboth Wild T.,seyboth wild t.,BRA,2025-01-13,2025-01-13
6137939,Shang J.,shang j.,CHN,2025-01-13,2025-01-13
36219417,Shevchenko A.,shevchenko a.,KAZ,2025-01-13,2025-07-01
30053000,Sinner J.,sinner j.,ITA,2025-01-13,2025-07-13
42815269,Stricker D.,stricker d.,SUI,2025-01-13,2025-01-13
86482170,Struff J.L.,struff j.l.,GER,2025-01-13,2025-07-04
87125188,Tabilo A.,tabilo a.,CHI,2025-01-13,2025-05-28
73222355,Thompson J.,thompson j.,AUS,2025-01-13,2025-07-06
77463983,Tiafoe F.,tiafoe f.,USA,2025-01-13,2025-07-02
29321310,Tsitsipas S.,tsitsipas s.,GRE,2025-01-13,2025-06-30
57271587,Vukic A.,vukic a.,AUS,2025-01-13,2025-07-03
58992435,Altmaier D.,altmaier d.,GER,2025-01-14,2025-06-30
93352799,Arnaldi M.,arnaldi m.,ITA,2025-01-14,2025-07-01
82956618,Bautista Agut R.,bautista agut r.,ESP,2025-01-14,2025-06-30
8505834,Bergs Z.,bergs z.,BEL,2025-01-14,2025-06-30
93977374,Berrettini M.,berrettini m.,ITA,2025-01-14,2025-06-30
91259453,Boyer T.,boyer t.,USA,2025-01-14,2025-01-16
86278336,Brooksby J.,brooksby j.,USA,2025-01-14,2025-07-02
10580374,Bublik A.,bublik a.,KAZ,2025-01-14,2025-07-01
57014803,Carreno Busta P.,carreno busta p.,ESP,2025-01-14,2025-05-28
79999156,Cerundolo F.,cerundolo f.,ARG,2025-01-14,2025-06-30
19977564,Cobolli F.,cobolli f.,ITA,2025-01-14,2025-07-09
34705669,Comesana F.,comesana f.,ARG,2025-01-14,2025-07-01
98635282,Coria F.,coria f.,ARG,2025-01-14,2025-01-14
6446067,Coric B.,coric b.,CRO,2025-01-14,2025-01-14
59348917,De Minaur A.,de minaur a.,AUS,2025-01-14,2025-07-07
61743840,Diallo G.,diallo g.,CAN,2025-01-14,2025-07-02
23479722,Diaz Acosta F.,diaz acosta f.,ARG,2025-01-14,2025-01-16
56585027,Etcheverry T.,etcheverry t.,ARG,2025-01-14,2025-07-01
17004857,Fonseca J.,fonseca j.,BRA,2025-01-14,2025-07-04
50075617,Fritz T.,fritz t.,USA,2025-01-14,2025-07-11
32814238,Garin C.,garin c.,CHI,2025-01-14,2025-07-03
14575287,Giron M.,giron m.,USA,2025-01-14,2025-07-03
78921196,Griekspoor T.,griekspoor t.,NED,2025-01-14,2025-06-30
47186855,Hanfmann Y.,hanfmann y.,GER,2025-01-14,2025-05-25
93909250,Hijikata R.,hijikata r.,AUS,2025-01-14,2025-07-04
96194112,Hurkacz H.,hurkacz h.,POL,2025-01-14,2025-05-27
95278025,Kecmanovic M.,kecmanovic m.,SRB,2025-01-14,2025-07-05
72764153,Khachanov K.,khachanov k.,RUS,2025-01-14,2025-07-08
75962080,Krueger M.,krueger m.,USA,2025-01-14,2025-01-16
99475657,Lajovic D.,lajovic d.,SRB,2025-01-14,2025-06-30
92820914,Majchrzak K.,majchrzak k.,POL,2025-01-14,2025-07-06
42550832,Mannarino A.,mannarino a.,FRA,2025-01-14,2025-07-04
96165450,Medvedev D.,medvedev d.,RUS,2025-01-14,2025-06-30
69728886,Monfils G.,monfils g.,FRA,2025-01-14,2025-07-04
77030589,Moutet C.,moutet c.,FRA,2025-01-14,2025-07-03
90569548,Mpetshi G.,mpetshi g.,FRA,2025-01-14,2025-07-01
27779090,Musetti L.,musetti l.,ITA,2025-01-14,2025-07-01
18276190,Nakashima B.,nakashima b.,USA,2025-01-14,2025-07-05
89105413,Nardi L.,nardi l.,ITA,2025-01-14,2025-07-01
20842152,Norrie C.,norrie c.,GBR,2025-01-14,2025-07-08
24843332,Popyrin A.,popyrin a.,AUS,2025-01-14,2025-06-30
96629768,Rublev A.,rublev a.,RUS,2025-01-14,2025-07-06
14097206,Rune H.,rune h.,DEN,2025-01-14,2025-06-30
84431950,Samrej K.,samrej k.,THA,2025-01-14,2025-01-14
13717997,Shapovalov D.,shapovalov d.,CAN,2025-01-14,2025-07-01
95199431,Shelton B.,shelton b.,USA,2025-01-14,2025-07-09
68258124,Sonego L.,sonego l.,ITA,2025-01-14,2025-07-07
7152185,Tien L.,tien l.,USA,2025-01-14,2025-07-02
91489267,Ugo Carabelli C.,ugo carabelli c.,ARG,2025-01-14,2025-07-01
34088435,Van De Zandschulp B.,van de zandschulp b.,NED,2025-01-14,2025-07-03
29856964,Wawrinka S.,wawrinka s.,SUI,2025-01-14,2025-05-26
2407175,Zhang Zh.,zhang zh.,CHN,2025-01-14,2025-01-14
69365257,Cerundolo J.M.,cerundolo j.m.,ARG,2025-05-25,2025-05-28
95690866,Fucsovics M.,fucsovics m.,HUN,2025-05-25,2025-07-05
81050551,Galan D.E.,galan d.e.,COL,2025-05-25,2025-05-28
90254740,Hassan B.,hassan b.,LBN,2025-05-25,2025-05-25
51813077,Jacquet K.,jacquet k.,FRA,2025-05-25,2025-05-25
90184088,Kopriva V.,kopriva v.,CZE,2025-05-25,2025-06-30
94305441,Medjedovic H.,medjedovic h.,SRB,2025-05-25,2025-07-01
11157854,Moller E.,moller e.,DEN,2025-05-25,2025-06-30
90467113,Nava E.,nava e.,USA,2025-05-25,2025-05-28
5714321,Royer V.,royer v.,FRA,2025-05-25,2025-07-02
44827016,Tirante T.A.,tirante t.a.,ARG,2025-05-25,2025-05-25
98371835,Atmane T.,atmane t.,FRA,2025-05-26,2025-05-26
25796117,Blanchet U.,blanchet u.,FRA,2025-05-26,2025-05-26
70061393,Gasquet R.,gasquet r.,FRA,2025-05-26,2025-05-29
19420381,Llamas Ruiz P.,llamas ruiz p.,ESP,2025-05-26,2025-05-26
66932545,Misolic F.,misolic f.,AUT,2025-05-26,2025-06-30
16360093,Ofner S.,ofner s.,AUT,2025-05-26,2025-07-05
82163328,Ramos A.,ramos a.,ESP,2025-05-26,2025-05-26
20257637,Zeppieri G.,zeppieri g.,ITA,2025-05-26,2025-07-01
98443408,Bellucci M.,bellucci m.,ITA,2025-05-27,2025-07-04
38424578,Cilic M.,cilic m.,CRO,2025-05-27,2025-07-07
64627384,De Jong J.,de jong j.,NED,2025-05-27,2025-07-03
32381451,Dellien H.,dellien h.,BOL,2025-05-27,2025-06-30
52754016,Djere L.,djere l.,SRB,2025-05-27,2025-06-30
34096046,Gomez F.A.,gomez f.a.,ARG,2025-05-27,2025-05-29
84213605,Harris L.,harris l.,RSA,2025-05-27,2025-07-02
17278313,Herbert P.,herbert p.,FRA,2025-05-27,2025-05-29
98800647,Kovacevic A.,kovacevic a.,USA,2025-05-27,2025-07-01
28327211,Marterer M.,marterer m.,GER,2025-05-27,2025-05-27
72461799,McDonald M.,mcdonald m.,USA,2025-05-27,2025-06-30
12681046,Quinn E.,quinn e.,USA,2025-05-27,2025-07-02
13605629,Rocha H.,rocha h.,POR,2025-05-27,2025-05-31
84237468,Tabur C.,tabur c.,FRA,2025-05-27,2025-05-27
5873699,Crawford O.,crawford o.,GBR,2025-06-30,2025-06-30
51127992,Fery A.,fery a.,GBR,2025-06-30,2025-07-03
40287917,Fognini F.,fognini f.,ITA,2025-06-30,2025-06-30
12171228,Harris B.,harris b.,GBR,2025-06-30,2025-07-02
44936729,Holt B.,holt b.,USA,2025-06-30,2025-06-30
62171818,Riedi L.,riedi l.,SUI,2025-06-30,2025-06-30
1653101,Rodesch C.,rodesch c.,LUX,2025-06-30,2025-06-30
53613976,Searle H.,searle h.,GBR,2025-06-30,2025-06-30
47878116,Tarvet O.,tarvet o.,GBR,2025-06-30,2025-07-02
13199907,Bolt A.,bolt a.,AUS,2025-07-01,2025-07-01
36692706,Clarke J.,clarke j.,GBR,2025-07-01,2025-07-01
93290891,Collignon R.,collignon r.,BEL,2025-07-01,2025-07-01
73835771,Eubanks C.,eubanks c.,USA,2025-07-01,2025-07-01
49809100,Evans D.,evans d.,GBR,2025-07-01,2025-07-03
96755876,Holmgren A.,holmgren a.,DEN,2025-07-01,2025-07-05
90520910,Loffhagen G.,loffhagen g.,GBR,2025-07-01,2025-07-01
96273591,McCabe J.,mccabe j.,AUS,2025-07-01,2025-07-01
94182475,Mochizuki S.,mochizuki s.,JPN,2025-07-01,2025-07-02
81836808,Monday J.,monday j.,GBR,2025-07-01,2025-07-01
64932466,Pinnington Jones J.,pinnington jones j.,GBR,2025-07-01,2025-07-03
75491592,Tseng C.H.,tseng c.h.,TPE,2025-07-01,2025-07-01
16531594,Zhukayev B.,zhukayev b.,KAZ,2025-07-01,2025-07-01
